{
    "confidence_score": 0.854167103767395,
    "ptm": 0.8385887145996094,
    "iptm": 0.7552553415298462,
    "ligand_iptm": 0.0,
    "protein_iptm": 0.7552553415298462,
    "complex_plddt": 0.8788950443267822,
    "complex_iplddt": 0.868507981300354,
    "complex_pde": 0.45784512162208557,
    "complex_ipde": 1.9745004177093506,
    "chains_ptm": {
        "0": 0.8941439986228943,
        "1": 0.9452140927314758
    },
    "pair_chains_iptm": {
        "0": {
            "0": 0.8941439986228943,
            "1": 0.7349794507026672
        },
        "1": {
            "0": 0.7552553415298462,
            "1": 0.9452140927314758
        }
    }
}