{
    "confidence_score": 0.8432111144065857,
    "ptm": 0.7758539319038391,
    "iptm": 0.6714202761650085,
    "ligand_iptm": 0.0,
    "protein_iptm": 0.6714202761650085,
    "complex_plddt": 0.8861587643623352,
    "complex_iplddt": 0.8784686326980591,
    "complex_pde": 0.5965784788131714,
    "complex_ipde": 3.0780434608459473,
    "chains_ptm": {
        "0": 0.8454760909080505,
        "1": 0.9363694787025452
    },
    "pair_chains_iptm": {
        "0": {
            "0": 0.8454760909080505,
            "1": 0.6294509172439575
        },
        "1": {
            "0": 0.6714202761650085,
            "1": 0.9363694787025452
        }
    }
}