{
    "confidence_score": 0.8543063402175903,
    "ptm": 0.8036026954650879,
    "iptm": 0.7048603296279907,
    "ligand_iptm": 0.0,
    "protein_iptm": 0.7048603296279907,
    "complex_plddt": 0.8916678428649902,
    "complex_iplddt": 0.8819231986999512,
    "complex_pde": 0.5216016173362732,
    "complex_ipde": 2.507394313812256,
    "chains_ptm": {
        "0": 0.8732166290283203,
        "1": 0.939224898815155
    },
    "pair_chains_iptm": {
        "0": {
            "0": 0.8732166290283203,
            "1": 0.6869990825653076
        },
        "1": {
            "0": 0.7048603296279907,
            "1": 0.939224898815155
        }
    }
}