{
    "confidence_score": 0.7782392501831055,
    "ptm": 0.7798783183097839,
    "iptm": 0.6470950245857239,
    "ligand_iptm": 0.0,
    "protein_iptm": 0.6470950245857239,
    "complex_plddt": 0.8110253214836121,
    "complex_iplddt": 0.7900788187980652,
    "complex_pde": 0.5482381582260132,
    "complex_ipde": 3.0258121490478516,
    "chains_ptm": {
        "0": 0.8726658821105957,
        "1": 0.9424797892570496
    },
    "pair_chains_iptm": {
        "0": {
            "0": 0.8726658821105957,
            "1": 0.5963859558105469
        },
        "1": {
            "0": 0.6470950245857239,
            "1": 0.9424797892570496
        }
    }
}