{
    "confidence_score": 0.8375114798545837,
    "ptm": 0.8415894508361816,
    "iptm": 0.7583603858947754,
    "ligand_iptm": 0.0,
    "protein_iptm": 0.7583603858947754,
    "complex_plddt": 0.857299268245697,
    "complex_iplddt": 0.8419658541679382,
    "complex_pde": 0.4430430829524994,
    "complex_ipde": 1.9240506887435913,
    "chains_ptm": {
        "0": 0.9001322984695435,
        "1": 0.953231930732727
    },
    "pair_chains_iptm": {
        "0": {
            "0": 0.9001322984695435,
            "1": 0.7244880795478821
        },
        "1": {
            "0": 0.7583603858947754,
            "1": 0.953231930732727
        }
    }
}