{
  "pae_all": 3.1829652786254883,
  "pae_chain_a": 1.7877229452133179,
  "pae_chain_b": 1.4059687852859497,
  "pae_interaction": 4.82172966003418
}