{
  "pae_all": 4.419913291931152,
  "pae_chain_a": 2.5012874603271484,
  "pae_chain_b": 1.6397241353988647,
  "pae_interaction": 6.785612106323242
}