{
  "pae_all": 3.768359899520874,
  "pae_chain_a": 2.0899834632873535,
  "pae_chain_b": 1.5117950439453125,
  "pae_interaction": 5.779330253601074
}