{
  "pae_all": 4.287552833557129,
  "pae_chain_a": 2.001781702041626,
  "pae_chain_b": 1.5063954591751099,
  "pae_interaction": 6.928934097290039
}