{
  "pae_all": 3.157968521118164,
  "pae_chain_a": 1.737694501876831,
  "pae_chain_b": 1.312781810760498,
  "pae_interaction": 4.838235855102539
}