{
    "confidence_score": 0.9367656111717224,
    "ptm": 0.9544569849967957,
    "iptm": 0.9434124827384949,
    "ligand_iptm": 0.0,
    "protein_iptm": 0.9434124827384949,
    "complex_plddt": 0.9351038932800293,
    "complex_iplddt": 0.9438906311988831,
    "complex_pde": 0.2796601355075836,
    "complex_ipde": 0.34341394901275635,
    "chains_ptm": {
        "0": 0.9659247994422913,
        "1": 0.9644730091094971
    },
    "pair_chains_iptm": {
        "0": {
            "0": 0.9659247994422913,
            "1": 0.9208675622940063
        },
        "1": {
            "0": 0.9434124827384949,
            "1": 0.9644730091094971
        }
    }
}