{
    "confidence_score": 0.9351154565811157,
    "ptm": 0.9453813433647156,
    "iptm": 0.9296712875366211,
    "ligand_iptm": 0.0,
    "protein_iptm": 0.9296712875366211,
    "complex_plddt": 0.9364764094352722,
    "complex_iplddt": 0.950362503528595,
    "complex_pde": 0.29772284626960754,
    "complex_ipde": 0.4061368703842163,
    "chains_ptm": {
        "0": 0.9605029225349426,
        "1": 0.9588029980659485
    },
    "pair_chains_iptm": {
        "0": {
            "0": 0.9605029225349426,
            "1": 0.921000063419342
        },
        "1": {
            "0": 0.9296712875366211,
            "1": 0.9588029980659485
        }
    }
}