{
    "confidence_score": 0.9355897903442383,
    "ptm": 0.9475996494293213,
    "iptm": 0.9338159561157227,
    "ligand_iptm": 0.0,
    "protein_iptm": 0.9338159561157227,
    "complex_plddt": 0.9360332489013672,
    "complex_iplddt": 0.9487993121147156,
    "complex_pde": 0.2969001233577728,
    "complex_ipde": 0.3995649516582489,
    "chains_ptm": {
        "0": 0.9620496034622192,
        "1": 0.9578384160995483
    },
    "pair_chains_iptm": {
        "0": {
            "0": 0.9620496034622192,
            "1": 0.9231137037277222
        },
        "1": {
            "0": 0.9338159561157227,
            "1": 0.9578384160995483
        }
    }
}