{
    "confidence_score": 0.936145007610321,
    "ptm": 0.9555504322052002,
    "iptm": 0.9455060958862305,
    "ligand_iptm": 0.0,
    "protein_iptm": 0.9455060958862305,
    "complex_plddt": 0.9338046908378601,
    "complex_iplddt": 0.9414135813713074,
    "complex_pde": 0.27813494205474854,
    "complex_ipde": 0.34006547927856445,
    "chains_ptm": {
        "0": 0.9656385779380798,
        "1": 0.9650476574897766
    },
    "pair_chains_iptm": {
        "0": {
            "0": 0.9656385779380798,
            "1": 0.9234346151351929
        },
        "1": {
            "0": 0.9455060958862305,
            "1": 0.9650476574897766
        }
    }
}