{
    "confidence_score": 0.9375351071357727,
    "ptm": 0.9514332413673401,
    "iptm": 0.9399029612541199,
    "ligand_iptm": 0.0,
    "protein_iptm": 0.9399029612541199,
    "complex_plddt": 0.9369431138038635,
    "complex_iplddt": 0.9479703307151794,
    "complex_pde": 0.28808942437171936,
    "complex_ipde": 0.367191880941391,
    "chains_ptm": {
        "0": 0.9630978107452393,
        "1": 0.9626730680465698
    },
    "pair_chains_iptm": {
        "0": {
            "0": 0.9630978107452393,
            "1": 0.9238876700401306
        },
        "1": {
            "0": 0.9399029612541199,
            "1": 0.9626730680465698
        }
    }
}