{
  "pae_all": 1.578580617904663,
  "pae_chain_a": 1.2062746286392212,
  "pae_chain_b": 1.1981122493743896,
  "pae_interaction": 2.0062761306762695
}