{
  "pae_all": 1.754215955734253,
  "pae_chain_a": 1.3325384855270386,
  "pae_chain_b": 1.3553709983825684,
  "pae_interaction": 2.2291629314422607
}