{
  "pae_all": 1.6624699831008911,
  "pae_chain_a": 1.3043767213821411,
  "pae_chain_b": 1.2407073974609375,
  "pae_interaction": 2.0903091430664062
}