{
  "pae_all": 1.7787007093429565,
  "pae_chain_a": 1.3583619594573975,
  "pae_chain_b": 1.3491575717926025,
  "pae_interaction": 2.2615714073181152
}