{
  "pae_all": 1.522580862045288,
  "pae_chain_a": 1.1690441370010376,
  "pae_chain_b": 1.1583528518676758,
  "pae_interaction": 1.9295822381973267
}