{
    "confidence_score": 0.9519917368888855,
    "ptm": 0.9453416466712952,
    "iptm": 0.9434900283813477,
    "ligand_iptm": 0.0,
    "protein_iptm": 0.9434900283813477,
    "complex_plddt": 0.9541171789169312,
    "complex_iplddt": 0.9672467708587646,
    "complex_pde": 0.2894473373889923,
    "complex_ipde": 0.3633628189563751,
    "chains_ptm": {
        "0": 0.9571259021759033,
        "1": 0.9644036889076233
    },
    "pair_chains_iptm": {
        "0": {
            "0": 0.9571259021759033,
            "1": 0.9320797324180603
        },
        "1": {
            "0": 0.9434900283813477,
            "1": 0.9644036889076233
        }
    }
}