{
    "confidence_score": 0.9515122771263123,
    "ptm": 0.9416166543960571,
    "iptm": 0.9404439926147461,
    "ligand_iptm": 0.0,
    "protein_iptm": 0.9404439926147461,
    "complex_plddt": 0.9542793035507202,
    "complex_iplddt": 0.9674946069717407,
    "complex_pde": 0.299025297164917,
    "complex_ipde": 0.4039710462093353,
    "chains_ptm": {
        "0": 0.951640784740448,
        "1": 0.9624584913253784
    },
    "pair_chains_iptm": {
        "0": {
            "0": 0.951640784740448,
            "1": 0.9235284328460693
        },
        "1": {
            "0": 0.9404439926147461,
            "1": 0.9624584913253784
        }
    }
}