{
    "confidence_score": 0.9533403515815735,
    "ptm": 0.9439796209335327,
    "iptm": 0.9404626488685608,
    "ligand_iptm": 0.0,
    "protein_iptm": 0.9404626488685608,
    "complex_plddt": 0.9565597772598267,
    "complex_iplddt": 0.9700027704238892,
    "complex_pde": 0.3014061152935028,
    "complex_ipde": 0.41403380036354065,
    "chains_ptm": {
        "0": 0.9574016332626343,
        "1": 0.9609847664833069
    },
    "pair_chains_iptm": {
        "0": {
            "0": 0.9574016332626343,
            "1": 0.9301047921180725
        },
        "1": {
            "0": 0.9404626488685608,
            "1": 0.9609847664833069
        }
    }
}