{
    "confidence_score": 0.9515902400016785,
    "ptm": 0.9507560729980469,
    "iptm": 0.9482764005661011,
    "ligand_iptm": 0.0,
    "protein_iptm": 0.9482764005661011,
    "complex_plddt": 0.9524187445640564,
    "complex_iplddt": 0.9642341136932373,
    "complex_pde": 0.2795586585998535,
    "complex_ipde": 0.3326597213745117,
    "chains_ptm": {
        "0": 0.9611565470695496,
        "1": 0.9671474099159241
    },
    "pair_chains_iptm": {
        "0": {
            "0": 0.9611565470695496,
            "1": 0.9384636282920837
        },
        "1": {
            "0": 0.9482764005661011,
            "1": 0.9671474099159241
        }
    }
}