{
    "confidence_score": 0.9518792033195496,
    "ptm": 0.9431122541427612,
    "iptm": 0.9414070248603821,
    "ligand_iptm": 0.0,
    "protein_iptm": 0.9414070248603821,
    "complex_plddt": 0.9544972777366638,
    "complex_iplddt": 0.9679150581359863,
    "complex_pde": 0.29384857416152954,
    "complex_ipde": 0.38173139095306396,
    "chains_ptm": {
        "0": 0.9537200927734375,
        "1": 0.9632285833358765
    },
    "pair_chains_iptm": {
        "0": {
            "0": 0.9537200927734375,
            "1": 0.9312599301338196
        },
        "1": {
            "0": 0.9414070248603821,
            "1": 0.9632285833358765
        }
    }
}