{
  "pae_all": 1.6856775283813477,
  "pae_chain_a": 1.3289356231689453,
  "pae_chain_b": 1.2427984476089478,
  "pae_interaction": 2.100860595703125
}