{
  "pae_all": 1.4700047969818115,
  "pae_chain_a": 1.174272060394287,
  "pae_chain_b": 1.081782341003418,
  "pae_interaction": 1.8212120532989502
}