{
  "pae_all": 1.693526268005371,
  "pae_chain_a": 1.4343914985656738,
  "pae_chain_b": 1.1523468494415283,
  "pae_interaction": 2.068270683288574
}