{
  "pae_all": 1.6426905393600464,
  "pae_chain_a": 1.3328018188476562,
  "pae_chain_b": 1.1848267316818237,
  "pae_interaction": 2.027728319168091
}