{
  "pae_all": 1.7313385009765625,
  "pae_chain_a": 1.4225760698318481,
  "pae_chain_b": 1.2078630924224854,
  "pae_interaction": 2.137402057647705
}