{
    "confidence_score": 0.9548419117927551,
    "ptm": 0.9661648869514465,
    "iptm": 0.9570993781089783,
    "ligand_iptm": 0.0,
    "protein_iptm": 0.9570993781089783,
    "complex_plddt": 0.9542775750160217,
    "complex_iplddt": 0.9644580483436584,
    "complex_pde": 0.2738605737686157,
    "complex_ipde": 0.3214164078235626,
    "chains_ptm": {
        "0": 0.9752073884010315,
        "1": 0.9685899019241333
    },
    "pair_chains_iptm": {
        "0": {
            "0": 0.9752073884010315,
            "1": 0.9484004974365234
        },
        "1": {
            "0": 0.9570993781089783,
            "1": 0.9685899019241333
        }
    }
}