{
    "confidence_score": 0.9521557688713074,
    "ptm": 0.9588795304298401,
    "iptm": 0.9483962655067444,
    "ligand_iptm": 0.0,
    "protein_iptm": 0.9483962655067444,
    "complex_plddt": 0.9530956745147705,
    "complex_iplddt": 0.9644608497619629,
    "complex_pde": 0.29012417793273926,
    "complex_ipde": 0.3692847192287445,
    "chains_ptm": {
        "0": 0.968914806842804,
        "1": 0.9628303647041321
    },
    "pair_chains_iptm": {
        "0": {
            "0": 0.968914806842804,
            "1": 0.9408026337623596
        },
        "1": {
            "0": 0.9483962655067444,
            "1": 0.9628303647041321
        }
    }
}