{
    "confidence_score": 0.9544090628623962,
    "ptm": 0.9688214063644409,
    "iptm": 0.9619243741035461,
    "ligand_iptm": 0.0,
    "protein_iptm": 0.9619243741035461,
    "complex_plddt": 0.9525301456451416,
    "complex_iplddt": 0.9638320803642273,
    "complex_pde": 0.27059170603752136,
    "complex_ipde": 0.30831634998321533,
    "chains_ptm": {
        "0": 0.9761980772018433,
        "1": 0.9729750156402588
    },
    "pair_chains_iptm": {
        "0": {
            "0": 0.9761980772018433,
            "1": 0.9547423720359802
        },
        "1": {
            "0": 0.9619243741035461,
            "1": 0.9729750156402588
        }
    }
}