{
    "confidence_score": 0.9523317217826843,
    "ptm": 0.9613149166107178,
    "iptm": 0.9497560858726501,
    "ligand_iptm": 0.0,
    "protein_iptm": 0.9497560858726501,
    "complex_plddt": 0.9529756903648376,
    "complex_iplddt": 0.9654392600059509,
    "complex_pde": 0.2867489457130432,
    "complex_ipde": 0.3558003008365631,
    "chains_ptm": {
        "0": 0.9716730117797852,
        "1": 0.9626224637031555
    },
    "pair_chains_iptm": {
        "0": {
            "0": 0.9716730117797852,
            "1": 0.9447458386421204
        },
        "1": {
            "0": 0.9497560858726501,
            "1": 0.9626224637031555
        }
    }
}