{
    "confidence_score": 0.950402557849884,
    "ptm": 0.9668116569519043,
    "iptm": 0.9596166610717773,
    "ligand_iptm": 0.0,
    "protein_iptm": 0.9596166610717773,
    "complex_plddt": 0.9480990171432495,
    "complex_iplddt": 0.9618514776229858,
    "complex_pde": 0.2762654721736908,
    "complex_ipde": 0.3225298821926117,
    "chains_ptm": {
        "0": 0.9734426736831665,
        "1": 0.9707704186439514
    },
    "pair_chains_iptm": {
        "0": {
            "0": 0.9734426736831665,
            "1": 0.9513530731201172
        },
        "1": {
            "0": 0.9596166610717773,
            "1": 0.9707704186439514
        }
    }
}