{
  "pae_all": 1.3595848083496094,
  "pae_chain_a": 1.1028679609298706,
  "pae_chain_b": 0.9954697489738464,
  "pae_interaction": 1.6734942197799683
}