{
  "pae_all": 1.5359426736831665,
  "pae_chain_a": 1.1613259315490723,
  "pae_chain_b": 1.2227779626846313,
  "pae_interaction": 1.9212934970855713
}