{
  "pae_all": 1.2691484689712524,
  "pae_chain_a": 1.0467489957809448,
  "pae_chain_b": 0.9166371822357178,
  "pae_interaction": 1.5534517765045166
}