{
  "pae_all": 1.5404627323150635,
  "pae_chain_a": 1.2390140295028687,
  "pae_chain_b": 1.131446361541748,
  "pae_interaction": 1.9028875827789307
}