{
  "pae_all": 1.3460729122161865,
  "pae_chain_a": 1.0446667671203613,
  "pae_chain_b": 1.0314083099365234,
  "pae_interaction": 1.6770156621932983
}