{
    "confidence_score": 0.9565494656562805,
    "ptm": 0.9455370903015137,
    "iptm": 0.9405063986778259,
    "ligand_iptm": 0.0,
    "protein_iptm": 0.9405063986778259,
    "complex_plddt": 0.9605602025985718,
    "complex_iplddt": 0.9699977040290833,
    "complex_pde": 0.29503133893013,
    "complex_ipde": 0.36583200097084045,
    "chains_ptm": {
        "0": 0.9586701393127441,
        "1": 0.9614145755767822
    },
    "pair_chains_iptm": {
        "0": {
            "0": 0.9586701393127441,
            "1": 0.9389857053756714
        },
        "1": {
            "0": 0.9405063986778259,
            "1": 0.9614145755767822
        }
    }
}