{
    "confidence_score": 0.9556917548179626,
    "ptm": 0.9463323950767517,
    "iptm": 0.9398466944694519,
    "ligand_iptm": 0.0,
    "protein_iptm": 0.9398466944694519,
    "complex_plddt": 0.9596530199050903,
    "complex_iplddt": 0.9715006947517395,
    "complex_pde": 0.2966851592063904,
    "complex_ipde": 0.3700023293495178,
    "chains_ptm": {
        "0": 0.9596220850944519,
        "1": 0.9608052968978882
    },
    "pair_chains_iptm": {
        "0": {
            "0": 0.9596220850944519,
            "1": 0.9391573667526245
        },
        "1": {
            "0": 0.9398466944694519,
            "1": 0.9608052968978882
        }
    }
}