{
    "confidence_score": 0.9568573236465454,
    "ptm": 0.9518113136291504,
    "iptm": 0.9461569786071777,
    "ligand_iptm": 0.0,
    "protein_iptm": 0.9461569786071777,
    "complex_plddt": 0.9595323204994202,
    "complex_iplddt": 0.9709919095039368,
    "complex_pde": 0.2864447236061096,
    "complex_ipde": 0.3443426191806793,
    "chains_ptm": {
        "0": 0.9643028974533081,
        "1": 0.9638658165931702
    },
    "pair_chains_iptm": {
        "0": {
            "0": 0.9643028974533081,
            "1": 0.9461569786071777
        },
        "1": {
            "0": 0.9433659911155701,
            "1": 0.9638658165931702
        }
    }
}