{
    "confidence_score": 0.9589222073554993,
    "ptm": 0.9466099143028259,
    "iptm": 0.9417358040809631,
    "ligand_iptm": 0.0,
    "protein_iptm": 0.9417358040809631,
    "complex_plddt": 0.9632187485694885,
    "complex_iplddt": 0.9726498126983643,
    "complex_pde": 0.2968480587005615,
    "complex_ipde": 0.3896964192390442,
    "chains_ptm": {
        "0": 0.96196049451828,
        "1": 0.9566460847854614
    },
    "pair_chains_iptm": {
        "0": {
            "0": 0.96196049451828,
            "1": 0.9417358040809631
        },
        "1": {
            "0": 0.9339257478713989,
            "1": 0.9566460847854614
        }
    }
}