{
    "confidence_score": 0.9552484750747681,
    "ptm": 0.9433858394622803,
    "iptm": 0.9362479448318481,
    "ligand_iptm": 0.0,
    "protein_iptm": 0.9362479448318481,
    "complex_plddt": 0.9599985480308533,
    "complex_iplddt": 0.9700164794921875,
    "complex_pde": 0.3031557500362396,
    "complex_ipde": 0.3933666944503784,
    "chains_ptm": {
        "0": 0.9575592875480652,
        "1": 0.9565481543540955
    },
    "pair_chains_iptm": {
        "0": {
            "0": 0.9575592875480652,
            "1": 0.9355546832084656
        },
        "1": {
            "0": 0.9362479448318481,
            "1": 0.9565481543540955
        }
    }
}