{
  "pae_all": 1.6844478845596313,
  "pae_chain_a": 1.352243185043335,
  "pae_chain_b": 1.2554603815078735,
  "pae_interaction": 2.0765974521636963
}