{
  "pae_all": 1.5507060289382935,
  "pae_chain_a": 1.2170675992965698,
  "pae_chain_b": 1.1807576417922974,
  "pae_interaction": 1.9242510795593262
}