{
  "pae_all": 1.6806985139846802,
  "pae_chain_a": 1.3741583824157715,
  "pae_chain_b": 1.2150129079818726,
  "pae_interaction": 2.0658321380615234
}