{
  "pae_all": 1.7482081651687622,
  "pae_chain_a": 1.391908049583435,
  "pae_chain_b": 1.315269947052002,
  "pae_interaction": 2.159745931625366
}