{
  "pae_all": 1.6335819959640503,
  "pae_chain_a": 1.244606852531433,
  "pae_chain_b": 1.2704215049743652,
  "pae_interaction": 2.0463671684265137
}