{
    "confidence_score": 0.9278274774551392,
    "ptm": 0.9356880187988281,
    "iptm": 0.9347900152206421,
    "ligand_iptm": 0.0,
    "protein_iptm": 0.9347900152206421,
    "complex_plddt": 0.9260867834091187,
    "complex_iplddt": 0.9346300959587097,
    "complex_pde": 0.30317747592926025,
    "complex_ipde": 0.44096314907073975,
    "chains_ptm": {
        "0": 0.9487168192863464,
        "1": 0.9630717039108276
    },
    "pair_chains_iptm": {
        "0": {
            "0": 0.9487168192863464,
            "1": 0.9181234240531921
        },
        "1": {
            "0": 0.9347900152206421,
            "1": 0.9630717039108276
        }
    }
}