{
    "confidence_score": 0.9231899380683899,
    "ptm": 0.9246513247489929,
    "iptm": 0.9244282245635986,
    "ligand_iptm": 0.0,
    "protein_iptm": 0.9244282245635986,
    "complex_plddt": 0.9228804111480713,
    "complex_iplddt": 0.9322828650474548,
    "complex_pde": 0.32912400364875793,
    "complex_ipde": 0.5214663147926331,
    "chains_ptm": {
        "0": 0.937994658946991,
        "1": 0.960351824760437
    },
    "pair_chains_iptm": {
        "0": {
            "0": 0.937994658946991,
            "1": 0.9068769812583923
        },
        "1": {
            "0": 0.9244282245635986,
            "1": 0.960351824760437
        }
    }
}