{
    "confidence_score": 0.9239686131477356,
    "ptm": 0.9443268775939941,
    "iptm": 0.9412239193916321,
    "ligand_iptm": 0.0,
    "protein_iptm": 0.9412239193916321,
    "complex_plddt": 0.9196547865867615,
    "complex_iplddt": 0.9286208748817444,
    "complex_pde": 0.2953829765319824,
    "complex_ipde": 0.4003778100013733,
    "chains_ptm": {
        "0": 0.957156240940094,
        "1": 0.9658100605010986
    },
    "pair_chains_iptm": {
        "0": {
            "0": 0.957156240940094,
            "1": 0.9284931421279907
        },
        "1": {
            "0": 0.9412239193916321,
            "1": 0.9658100605010986
        }
    }
}