{
    "confidence_score": 0.9255386590957642,
    "ptm": 0.930742084980011,
    "iptm": 0.9278745055198669,
    "ligand_iptm": 0.0,
    "protein_iptm": 0.9278745055198669,
    "complex_plddt": 0.9249546527862549,
    "complex_iplddt": 0.9304883480072021,
    "complex_pde": 0.3156304657459259,
    "complex_ipde": 0.4691241979598999,
    "chains_ptm": {
        "0": 0.9437930583953857,
        "1": 0.9600681066513062
    },
    "pair_chains_iptm": {
        "0": {
            "0": 0.9437930583953857,
            "1": 0.9096329212188721
        },
        "1": {
            "0": 0.9278745055198669,
            "1": 0.9600681066513062
        }
    }
}