{
    "confidence_score": 0.9256603121757507,
    "ptm": 0.9286803603172302,
    "iptm": 0.92686527967453,
    "ligand_iptm": 0.0,
    "protein_iptm": 0.92686527967453,
    "complex_plddt": 0.9253590703010559,
    "complex_iplddt": 0.9342426061630249,
    "complex_pde": 0.3196348547935486,
    "complex_ipde": 0.4948784112930298,
    "chains_ptm": {
        "0": 0.9408484101295471,
        "1": 0.9607700705528259
    },
    "pair_chains_iptm": {
        "0": {
            "0": 0.9408484101295471,
            "1": 0.9136701226234436
        },
        "1": {
            "0": 0.92686527967453,
            "1": 0.9607700705528259
        }
    }
}