{
  "pae_all": 1.8216264247894287,
  "pae_chain_a": 1.5244083404541016,
  "pae_chain_b": 1.2513165473937988,
  "pae_interaction": 2.23464298248291
}