{
  "pae_all": 1.5707885026931763,
  "pae_chain_a": 1.2805588245391846,
  "pae_chain_b": 1.115713357925415,
  "pae_interaction": 1.9401521682739258
}