{
  "pae_all": 1.7255897521972656,
  "pae_chain_a": 1.418871283531189,
  "pae_chain_b": 1.2070642709732056,
  "pae_interaction": 2.1284704208374023
}