{
  "pae_all": 1.5360780954360962,
  "pae_chain_a": 1.191554069519043,
  "pae_chain_b": 1.1708606481552124,
  "pae_interaction": 1.9162102937698364
}