{
  "pae_all": 1.739600419998169,
  "pae_chain_a": 1.4553954601287842,
  "pae_chain_b": 1.2010526657104492,
  "pae_interaction": 2.132270336151123
}