{
    "confidence_score": 0.9566114544868469,
    "ptm": 0.9444555640220642,
    "iptm": 0.9399706721305847,
    "ligand_iptm": 0.0,
    "protein_iptm": 0.9399706721305847,
    "complex_plddt": 0.9607716798782349,
    "complex_iplddt": 0.9697115421295166,
    "complex_pde": 0.2954897880554199,
    "complex_ipde": 0.3953344225883484,
    "chains_ptm": {
        "0": 0.9604374766349792,
        "1": 0.9611929655075073
    },
    "pair_chains_iptm": {
        "0": {
            "0": 0.9604374766349792,
            "1": 0.9325031638145447
        },
        "1": {
            "0": 0.9399706721305847,
            "1": 0.9611929655075073
        }
    }
}