{
    "confidence_score": 0.9587950110435486,
    "ptm": 0.9551016092300415,
    "iptm": 0.9497228264808655,
    "ligand_iptm": 0.0,
    "protein_iptm": 0.9497228264808655,
    "complex_plddt": 0.9610629677772522,
    "complex_iplddt": 0.9698438048362732,
    "complex_pde": 0.2782234251499176,
    "complex_ipde": 0.33964216709136963,
    "chains_ptm": {
        "0": 0.9688900709152222,
        "1": 0.9675654172897339
    },
    "pair_chains_iptm": {
        "0": {
            "0": 0.9688900709152222,
            "1": 0.946590781211853
        },
        "1": {
            "0": 0.9497228264808655,
            "1": 0.9675654172897339
        }
    }
}