{
    "confidence_score": 0.9595178961753845,
    "ptm": 0.9587331414222717,
    "iptm": 0.9556312561035156,
    "ligand_iptm": 0.0,
    "protein_iptm": 0.9556312561035156,
    "complex_plddt": 0.9604895710945129,
    "complex_iplddt": 0.9692303538322449,
    "complex_pde": 0.2717326879501343,
    "complex_ipde": 0.3187277019023895,
    "chains_ptm": {
        "0": 0.9710841178894043,
        "1": 0.9698333740234375
    },
    "pair_chains_iptm": {
        "0": {
            "0": 0.9710841178894043,
            "1": 0.9502581357955933
        },
        "1": {
            "0": 0.9556312561035156,
            "1": 0.9698333740234375
        }
    }
}