{
    "confidence_score": 0.959444522857666,
    "ptm": 0.9604987502098083,
    "iptm": 0.9549424052238464,
    "ligand_iptm": 0.0,
    "protein_iptm": 0.9549424052238464,
    "complex_plddt": 0.9605700969696045,
    "complex_iplddt": 0.9691799879074097,
    "complex_pde": 0.27124255895614624,
    "complex_ipde": 0.3179650604724884,
    "chains_ptm": {
        "0": 0.9724255800247192,
        "1": 0.9705467224121094
    },
    "pair_chains_iptm": {
        "0": {
            "0": 0.9724255800247192,
            "1": 0.9507527351379395
        },
        "1": {
            "0": 0.9549424052238464,
            "1": 0.9705467224121094
        }
    }
}