{
    "confidence_score": 0.9598928689956665,
    "ptm": 0.9594646096229553,
    "iptm": 0.9549391269683838,
    "ligand_iptm": 0.0,
    "protein_iptm": 0.9549391269683838,
    "complex_plddt": 0.9611312747001648,
    "complex_iplddt": 0.9698765277862549,
    "complex_pde": 0.27100682258605957,
    "complex_ipde": 0.31374770402908325,
    "chains_ptm": {
        "0": 0.9713171124458313,
        "1": 0.9695457816123962
    },
    "pair_chains_iptm": {
        "0": {
            "0": 0.9713171124458313,
            "1": 0.952844500541687
        },
        "1": {
            "0": 0.9549391269683838,
            "1": 0.9695457816123962
        }
    }
}