{
  "pae_all": 1.2604113817214966,
  "pae_chain_a": 0.930904746055603,
  "pae_chain_b": 1.0122126340866089,
  "pae_interaction": 1.590274453163147
}