{
  "pae_all": 1.2653361558914185,
  "pae_chain_a": 0.951907753944397,
  "pae_chain_b": 1.0031651258468628,
  "pae_interaction": 1.58779776096344
}