{
  "pae_all": 1.2814794778823853,
  "pae_chain_a": 0.9697383046150208,
  "pae_chain_b": 1.002640724182129,
  "pae_interaction": 1.608231782913208
}