{
  "pae_all": 1.3748259544372559,
  "pae_chain_a": 1.0112082958221436,
  "pae_chain_b": 1.1106497049331665,
  "pae_interaction": 1.7355977296829224
}