{
  "pae_all": 1.5968486070632935,
  "pae_chain_a": 1.216122031211853,
  "pae_chain_b": 1.2370208501815796,
  "pae_interaction": 2.002336025238037
}