{
    "confidence_score": 0.9545039534568787,
    "ptm": 0.9737488627433777,
    "iptm": 0.9674787521362305,
    "ligand_iptm": 0.0,
    "protein_iptm": 0.9674787521362305,
    "complex_plddt": 0.9512602090835571,
    "complex_iplddt": 0.9599550366401672,
    "complex_pde": 0.26210007071495056,
    "complex_ipde": 0.28250986337661743,
    "chains_ptm": {
        "0": 0.9810082316398621,
        "1": 0.9765036106109619
    },
    "pair_chains_iptm": {
        "0": {
            "0": 0.9810082316398621,
            "1": 0.9616625308990479
        },
        "1": {
            "0": 0.9674787521362305,
            "1": 0.9765036106109619
        }
    }
}