{
    "confidence_score": 0.9524135589599609,
    "ptm": 0.9595383405685425,
    "iptm": 0.9468681812286377,
    "ligand_iptm": 0.0,
    "protein_iptm": 0.9468681812286377,
    "complex_plddt": 0.953799843788147,
    "complex_iplddt": 0.961620569229126,
    "complex_pde": 0.2839365005493164,
    "complex_ipde": 0.3605442941188812,
    "chains_ptm": {
        "0": 0.9712957739830017,
        "1": 0.9625647068023682
    },
    "pair_chains_iptm": {
        "0": {
            "0": 0.9712957739830017,
            "1": 0.9427664875984192
        },
        "1": {
            "0": 0.9468681812286377,
            "1": 0.9625647068023682
        }
    }
}