{
    "confidence_score": 0.9512181282043457,
    "ptm": 0.9602277278900146,
    "iptm": 0.9469212889671326,
    "ligand_iptm": 0.0,
    "protein_iptm": 0.9469212889671326,
    "complex_plddt": 0.9522923827171326,
    "complex_iplddt": 0.9595047831535339,
    "complex_pde": 0.28413116931915283,
    "complex_ipde": 0.37101924419403076,
    "chains_ptm": {
        "0": 0.9731643795967102,
        "1": 0.962897002696991
    },
    "pair_chains_iptm": {
        "0": {
            "0": 0.9731643795967102,
            "1": 0.9459007978439331
        },
        "1": {
            "0": 0.9469212889671326,
            "1": 0.962897002696991
        }
    }
}