{
    "confidence_score": 0.9557024240493774,
    "ptm": 0.9666296243667603,
    "iptm": 0.9562256336212158,
    "ligand_iptm": 0.0,
    "protein_iptm": 0.9562256336212158,
    "complex_plddt": 0.9555715918540955,
    "complex_iplddt": 0.9616710543632507,
    "complex_pde": 0.2706020474433899,
    "complex_ipde": 0.31646522879600525,
    "chains_ptm": {
        "0": 0.9771988987922668,
        "1": 0.9683919548988342
    },
    "pair_chains_iptm": {
        "0": {
            "0": 0.9771988987922668,
            "1": 0.9501772522926331
        },
        "1": {
            "0": 0.9562256336212158,
            "1": 0.9683919548988342
        }
    }
}