{
    "confidence_score": 0.9520408511161804,
    "ptm": 0.9652561545372009,
    "iptm": 0.9541559219360352,
    "ligand_iptm": 0.0,
    "protein_iptm": 0.9541559219360352,
    "complex_plddt": 0.9515120387077332,
    "complex_iplddt": 0.9576276540756226,
    "complex_pde": 0.2738129794597626,
    "complex_ipde": 0.3381800353527069,
    "chains_ptm": {
        "0": 0.9763472080230713,
        "1": 0.9687827229499817
    },
    "pair_chains_iptm": {
        "0": {
            "0": 0.9763472080230713,
            "1": 0.9511113166809082
        },
        "1": {
            "0": 0.9541559219360352,
            "1": 0.9687827229499817
        }
    }
}