{
  "pae_all": 1.4808964729309082,
  "pae_chain_a": 1.1161547899246216,
  "pae_chain_b": 1.129658818244934,
  "pae_interaction": 1.8715319633483887
}