{
  "pae_all": 1.3290683031082153,
  "pae_chain_a": 1.030290961265564,
  "pae_chain_b": 0.9776158928871155,
  "pae_interaction": 1.6703020334243774
}