{
  "pae_all": 1.112979531288147,
  "pae_chain_a": 0.9021165370941162,
  "pae_chain_b": 0.8106300234794617,
  "pae_interaction": 1.3719098567962646
}