{
  "pae_all": 1.3037880659103394,
  "pae_chain_a": 0.9931852221488953,
  "pae_chain_b": 0.9871028661727905,
  "pae_interaction": 1.6423020362854004
}