{
  "pae_all": 1.4968581199645996,
  "pae_chain_a": 1.1426950693130493,
  "pae_chain_b": 1.1360331773757935,
  "pae_interaction": 1.8827553987503052
}