{
    "confidence_score": 0.9628353118896484,
    "ptm": 0.9596585631370544,
    "iptm": 0.9579422473907471,
    "ligand_iptm": 0.0,
    "protein_iptm": 0.9579422473907471,
    "complex_plddt": 0.9640585780143738,
    "complex_iplddt": 0.9715136885643005,
    "complex_pde": 0.2686823606491089,
    "complex_ipde": 0.3132009506225586,
    "chains_ptm": {
        "0": 0.971716046333313,
        "1": 0.970488429069519
    },
    "pair_chains_iptm": {
        "0": {
            "0": 0.971716046333313,
            "1": 0.9514086842536926
        },
        "1": {
            "0": 0.9579422473907471,
            "1": 0.970488429069519
        }
    }
}