{
    "confidence_score": 0.9631018042564392,
    "ptm": 0.9598131775856018,
    "iptm": 0.9584764838218689,
    "ligand_iptm": 0.0,
    "protein_iptm": 0.9584764838218689,
    "complex_plddt": 0.964258074760437,
    "complex_iplddt": 0.9720668196678162,
    "complex_pde": 0.270122230052948,
    "complex_ipde": 0.3146122395992279,
    "chains_ptm": {
        "0": 0.9707542061805725,
        "1": 0.9721288681030273
    },
    "pair_chains_iptm": {
        "0": {
            "0": 0.9707542061805725,
            "1": 0.9532802700996399
        },
        "1": {
            "0": 0.9584764838218689,
            "1": 0.9721288681030273
        }
    }
}