{
    "confidence_score": 0.9620832800865173,
    "ptm": 0.9578291773796082,
    "iptm": 0.9571249485015869,
    "ligand_iptm": 0.0,
    "protein_iptm": 0.9571249485015869,
    "complex_plddt": 0.9633227586746216,
    "complex_iplddt": 0.9703243970870972,
    "complex_pde": 0.2700619101524353,
    "complex_ipde": 0.31931567192077637,
    "chains_ptm": {
        "0": 0.9709809422492981,
        "1": 0.9714735746383667
    },
    "pair_chains_iptm": {
        "0": {
            "0": 0.9709809422492981,
            "1": 0.9528530240058899
        },
        "1": {
            "0": 0.9571249485015869,
            "1": 0.9714735746383667
        }
    }
}