{
    "confidence_score": 0.9632876515388489,
    "ptm": 0.9620653986930847,
    "iptm": 0.9617717862129211,
    "ligand_iptm": 0.0,
    "protein_iptm": 0.9617717862129211,
    "complex_plddt": 0.9636666178703308,
    "complex_iplddt": 0.9713864922523499,
    "complex_pde": 0.26620620489120483,
    "complex_ipde": 0.3055572807788849,
    "chains_ptm": {
        "0": 0.9737163782119751,
        "1": 0.9737569093704224
    },
    "pair_chains_iptm": {
        "0": {
            "0": 0.9737163782119751,
            "1": 0.9567081928253174
        },
        "1": {
            "0": 0.9617717862129211,
            "1": 0.9737569093704224
        }
    }
}