{
    "confidence_score": 0.9627562761306763,
    "ptm": 0.9590687155723572,
    "iptm": 0.9586288928985596,
    "ligand_iptm": 0.0,
    "protein_iptm": 0.9586288928985596,
    "complex_plddt": 0.9637880921363831,
    "complex_iplddt": 0.9710572957992554,
    "complex_pde": 0.2688702344894409,
    "complex_ipde": 0.3135990798473358,
    "chains_ptm": {
        "0": 0.9709721803665161,
        "1": 0.9713400602340698
    },
    "pair_chains_iptm": {
        "0": {
            "0": 0.9709721803665161,
            "1": 0.9498255252838135
        },
        "1": {
            "0": 0.9586288928985596,
            "1": 0.9713400602340698
        }
    }
}