{
  "pae_all": 1.1567332744598389,
  "pae_chain_a": 0.8792346119880676,
  "pae_chain_b": 0.9019231796264648,
  "pae_interaction": 1.4497935771942139
}