{
  "pae_all": 1.2204439640045166,
  "pae_chain_a": 0.9048877954483032,
  "pae_chain_b": 0.9699362516403198,
  "pae_interaction": 1.5406134128570557
}