{
  "pae_all": 1.2277802228927612,
  "pae_chain_a": 0.9257860779762268,
  "pae_chain_b": 0.9595479369163513,
  "pae_interaction": 1.5436861515045166
}