{
  "pae_all": 1.2314151525497437,
  "pae_chain_a": 0.930189847946167,
  "pae_chain_b": 0.9566212296485901,
  "pae_interaction": 1.5489323139190674
}