{
  "pae_all": 1.2436097860336304,
  "pae_chain_a": 0.9722362756729126,
  "pae_chain_b": 0.9496124386787415,
  "pae_interaction": 1.5451388359069824
}