{
    "confidence_score": 0.9570450782775879,
    "ptm": 0.9573344588279724,
    "iptm": 0.9583963751792908,
    "ligand_iptm": 0.0,
    "protein_iptm": 0.9583963751792908,
    "complex_plddt": 0.956707239151001,
    "complex_iplddt": 0.9657908082008362,
    "complex_pde": 0.26991936564445496,
    "complex_ipde": 0.312012642621994,
    "chains_ptm": {
        "0": 0.9693024754524231,
        "1": 0.9712627530097961
    },
    "pair_chains_iptm": {
        "0": {
            "0": 0.9693024754524231,
            "1": 0.9531900882720947
        },
        "1": {
            "0": 0.9583963751792908,
            "1": 0.9712627530097961
        }
    }
}