{
    "confidence_score": 0.9531985521316528,
    "ptm": 0.9462334513664246,
    "iptm": 0.9434924721717834,
    "ligand_iptm": 0.0,
    "protein_iptm": 0.9434924721717834,
    "complex_plddt": 0.955625057220459,
    "complex_iplddt": 0.9664157032966614,
    "complex_pde": 0.28871607780456543,
    "complex_ipde": 0.3677613139152527,
    "chains_ptm": {
        "0": 0.9592992663383484,
        "1": 0.965515673160553
    },
    "pair_chains_iptm": {
        "0": {
            "0": 0.9592992663383484,
            "1": 0.9425391554832458
        },
        "1": {
            "0": 0.9434924721717834,
            "1": 0.965515673160553
        }
    }
}