{
    "confidence_score": 0.9532768130302429,
    "ptm": 0.9475072026252747,
    "iptm": 0.944198727607727,
    "ligand_iptm": 0.0,
    "protein_iptm": 0.944198727607727,
    "complex_plddt": 0.9555463194847107,
    "complex_iplddt": 0.9641645550727844,
    "complex_pde": 0.28652098774909973,
    "complex_ipde": 0.3572749197483063,
    "chains_ptm": {
        "0": 0.9605756998062134,
        "1": 0.9651630520820618
    },
    "pair_chains_iptm": {
        "0": {
            "0": 0.9605756998062134,
            "1": 0.9424997568130493
        },
        "1": {
            "0": 0.944198727607727,
            "1": 0.9651630520820618
        }
    }
}