{
    "confidence_score": 0.9542032480239868,
    "ptm": 0.9524043798446655,
    "iptm": 0.9499230980873108,
    "ligand_iptm": 0.0,
    "protein_iptm": 0.9499230980873108,
    "complex_plddt": 0.9552732706069946,
    "complex_iplddt": 0.9662765860557556,
    "complex_pde": 0.2777925431728363,
    "complex_ipde": 0.3326685428619385,
    "chains_ptm": {
        "0": 0.9645456671714783,
        "1": 0.9681839346885681
    },
    "pair_chains_iptm": {
        "0": {
            "0": 0.9645456671714783,
            "1": 0.9479516744613647
        },
        "1": {
            "0": 0.9499230980873108,
            "1": 0.9681839346885681
        }
    }
}