{
    "confidence_score": 0.9557237029075623,
    "ptm": 0.9621419906616211,
    "iptm": 0.959311306476593,
    "ligand_iptm": 0.0,
    "protein_iptm": 0.959311306476593,
    "complex_plddt": 0.9548267126083374,
    "complex_iplddt": 0.9653440117835999,
    "complex_pde": 0.2658955454826355,
    "complex_ipde": 0.29630666971206665,
    "chains_ptm": {
        "0": 0.9719150066375732,
        "1": 0.9739769101142883
    },
    "pair_chains_iptm": {
        "0": {
            "0": 0.9719150066375732,
            "1": 0.9573761224746704
        },
        "1": {
            "0": 0.959311306476593,
            "1": 0.9739769101142883
        }
    }
}