{
  "pae_all": 1.2386937141418457,
  "pae_chain_a": 0.9161025285720825,
  "pae_chain_b": 0.9947057366371155,
  "pae_interaction": 1.5619664192199707
}