{
  "pae_all": 1.1712323427200317,
  "pae_chain_a": 0.8711763024330139,
  "pae_chain_b": 0.9492023587226868,
  "pae_interaction": 1.4702844619750977
}