{
  "pae_all": 1.4865559339523315,
  "pae_chain_a": 1.1414365768432617,
  "pae_chain_b": 1.158497929573059,
  "pae_interaction": 1.854748010635376
}