{
  "pae_all": 1.3592711687088013,
  "pae_chain_a": 1.0301204919815063,
  "pae_chain_b": 1.0748138427734375,
  "pae_interaction": 1.700953483581543
}