{
  "pae_all": 1.4904751777648926,
  "pae_chain_a": 1.1567738056182861,
  "pae_chain_b": 1.1443315744400024,
  "pae_interaction": 1.8561322689056396
}