{
    "confidence_score": 0.954849362373352,
    "ptm": 0.9486225843429565,
    "iptm": 0.9433360695838928,
    "ligand_iptm": 0.0,
    "protein_iptm": 0.9433360695838928,
    "complex_plddt": 0.9577276706695557,
    "complex_iplddt": 0.9634479880332947,
    "complex_pde": 0.28652262687683105,
    "complex_ipde": 0.36326563358306885,
    "chains_ptm": {
        "0": 0.9627735614776611,
        "1": 0.9633945226669312
    },
    "pair_chains_iptm": {
        "0": {
            "0": 0.9627735614776611,
            "1": 0.9337348341941833
        },
        "1": {
            "0": 0.9433360695838928,
            "1": 0.9633945226669312
        }
    }
}