{
    "confidence_score": 0.9576643109321594,
    "ptm": 0.9557207226753235,
    "iptm": 0.9532483816146851,
    "ligand_iptm": 0.0,
    "protein_iptm": 0.9532483816146851,
    "complex_plddt": 0.9587683081626892,
    "complex_iplddt": 0.9662757515907288,
    "complex_pde": 0.2756401002407074,
    "complex_ipde": 0.33108723163604736,
    "chains_ptm": {
        "0": 0.9682138562202454,
        "1": 0.9688698649406433
    },
    "pair_chains_iptm": {
        "0": {
            "0": 0.9682138562202454,
            "1": 0.948929488658905
        },
        "1": {
            "0": 0.9532483816146851,
            "1": 0.9688698649406433
        }
    }
}