{
    "confidence_score": 0.9592742323875427,
    "ptm": 0.9642961025238037,
    "iptm": 0.9602452516555786,
    "ligand_iptm": 0.0,
    "protein_iptm": 0.9602452516555786,
    "complex_plddt": 0.9590314030647278,
    "complex_iplddt": 0.9654830098152161,
    "complex_pde": 0.2658681273460388,
    "complex_ipde": 0.29619309306144714,
    "chains_ptm": {
        "0": 0.9730973243713379,
        "1": 0.9755118489265442
    },
    "pair_chains_iptm": {
        "0": {
            "0": 0.9730973243713379,
            "1": 0.9565311074256897
        },
        "1": {
            "0": 0.9602452516555786,
            "1": 0.9755118489265442
        }
    }
}