{
    "confidence_score": 0.9530977606773376,
    "ptm": 0.9301133155822754,
    "iptm": 0.9278043508529663,
    "ligand_iptm": 0.0,
    "protein_iptm": 0.9278043508529663,
    "complex_plddt": 0.9594210982322693,
    "complex_iplddt": 0.9649110436439514,
    "complex_pde": 0.31687167286872864,
    "complex_ipde": 0.46238604187965393,
    "chains_ptm": {
        "0": 0.9493129253387451,
        "1": 0.953180193901062
    },
    "pair_chains_iptm": {
        "0": {
            "0": 0.9493129253387451,
            "1": 0.9154127836227417
        },
        "1": {
            "0": 0.9278043508529663,
            "1": 0.953180193901062
        }
    }
}