{
    "confidence_score": 0.9565725326538086,
    "ptm": 0.9564580321311951,
    "iptm": 0.9548691511154175,
    "ligand_iptm": 0.0,
    "protein_iptm": 0.9548691511154175,
    "complex_plddt": 0.956998348236084,
    "complex_iplddt": 0.9637986421585083,
    "complex_pde": 0.2705059051513672,
    "complex_ipde": 0.3144683837890625,
    "chains_ptm": {
        "0": 0.9685505628585815,
        "1": 0.9690817594528198
    },
    "pair_chains_iptm": {
        "0": {
            "0": 0.9685505628585815,
            "1": 0.943484365940094
        },
        "1": {
            "0": 0.9548691511154175,
            "1": 0.9690817594528198
        }
    }
}