{
  "pae_all": 1.2763278484344482,
  "pae_chain_a": 0.951797604560852,
  "pae_chain_b": 1.011904001235962,
  "pae_interaction": 1.607866883277893
}