{
  "pae_all": 1.3304402828216553,
  "pae_chain_a": 1.0076162815093994,
  "pae_chain_b": 1.0440901517868042,
  "pae_interaction": 1.6680084466934204
}