{
  "pae_all": 1.487983226776123,
  "pae_chain_a": 1.126556396484375,
  "pae_chain_b": 1.1606781482696533,
  "pae_interaction": 1.8681551218032837
}