{
  "pae_all": 1.1651593446731567,
  "pae_chain_a": 0.911811888217926,
  "pae_chain_b": 0.8953797817230225,
  "pae_interaction": 1.445096492767334
}