{
  "pae_all": 1.8167870044708252,
  "pae_chain_a": 1.3991023302078247,
  "pae_chain_b": 1.3892176151275635,
  "pae_interaction": 2.272573709487915
}