{
    "confidence_score": 0.9525162577629089,
    "ptm": 0.960992157459259,
    "iptm": 0.9577715992927551,
    "ligand_iptm": 0.0,
    "protein_iptm": 0.9577715992927551,
    "complex_plddt": 0.9512024521827698,
    "complex_iplddt": 0.9624873995780945,
    "complex_pde": 0.26818162202835083,
    "complex_ipde": 0.302019864320755,
    "chains_ptm": {
        "0": 0.9730687141418457,
        "1": 0.9723179340362549
    },
    "pair_chains_iptm": {
        "0": {
            "0": 0.9730687141418457,
            "1": 0.9577715992927551
        },
        "1": {
            "0": 0.9526352286338806,
            "1": 0.9723179340362549
        }
    }
}