{
    "confidence_score": 0.9545748829841614,
    "ptm": 0.9623746275901794,
    "iptm": 0.9573675394058228,
    "ligand_iptm": 0.0,
    "protein_iptm": 0.9573675394058228,
    "complex_plddt": 0.9538767337799072,
    "complex_iplddt": 0.9647613167762756,
    "complex_pde": 0.27066996693611145,
    "complex_ipde": 0.3091294765472412,
    "chains_ptm": {
        "0": 0.9725372195243835,
        "1": 0.969799816608429
    },
    "pair_chains_iptm": {
        "0": {
            "0": 0.9725372195243835,
            "1": 0.9573675394058228
        },
        "1": {
            "0": 0.9518774747848511,
            "1": 0.969799816608429
        }
    }
}