{
    "confidence_score": 0.9539749026298523,
    "ptm": 0.9574908018112183,
    "iptm": 0.9527711868286133,
    "ligand_iptm": 0.0,
    "protein_iptm": 0.9527711868286133,
    "complex_plddt": 0.9542758464813232,
    "complex_iplddt": 0.9655482172966003,
    "complex_pde": 0.27563074231147766,
    "complex_ipde": 0.3202582895755768,
    "chains_ptm": {
        "0": 0.9690650701522827,
        "1": 0.9672929048538208
    },
    "pair_chains_iptm": {
        "0": {
            "0": 0.9690650701522827,
            "1": 0.9527711868286133
        },
        "1": {
            "0": 0.9470813870429993,
            "1": 0.9672929048538208
        }
    }
}