{
    "confidence_score": 0.9524385333061218,
    "ptm": 0.9574647545814514,
    "iptm": 0.9514167904853821,
    "ligand_iptm": 0.0,
    "protein_iptm": 0.9514167904853821,
    "complex_plddt": 0.9526939988136292,
    "complex_iplddt": 0.9644554853439331,
    "complex_pde": 0.27661922574043274,
    "complex_ipde": 0.3226759433746338,
    "chains_ptm": {
        "0": 0.9681411981582642,
        "1": 0.9690747857093811
    },
    "pair_chains_iptm": {
        "0": {
            "0": 0.9681411981582642,
            "1": 0.9514167904853821
        },
        "1": {
            "0": 0.9464454054832458,
            "1": 0.9690747857093811
        }
    }
}