{
    "confidence_score": 0.9531521797180176,
    "ptm": 0.9584778547286987,
    "iptm": 0.955769956111908,
    "ligand_iptm": 0.0,
    "protein_iptm": 0.955769956111908,
    "complex_plddt": 0.9524977207183838,
    "complex_iplddt": 0.9630821347236633,
    "complex_pde": 0.2704310417175293,
    "complex_ipde": 0.30878520011901855,
    "chains_ptm": {
        "0": 0.9717971682548523,
        "1": 0.9693529605865479
    },
    "pair_chains_iptm": {
        "0": {
            "0": 0.9717971682548523,
            "1": 0.955769956111908
        },
        "1": {
            "0": 0.9506166577339172,
            "1": 0.9693529605865479
        }
    }
}