{
  "pae_all": 1.364972710609436,
  "pae_chain_a": 1.0424246788024902,
  "pae_chain_b": 1.0732933282852173,
  "pae_interaction": 1.7041102647781372
}