{
  "pae_all": 1.2829171419143677,
  "pae_chain_a": 1.0103334188461304,
  "pae_chain_b": 0.9533703923225403,
  "pae_interaction": 1.5972038507461548
}