{
  "pae_all": 1.271423101425171,
  "pae_chain_a": 0.9736237525939941,
  "pae_chain_b": 0.9950689673423767,
  "pae_interaction": 1.586890697479248
}