{
  "pae_all": 1.2685928344726562,
  "pae_chain_a": 0.9589207172393799,
  "pae_chain_b": 0.9929783344268799,
  "pae_interaction": 1.5927181243896484
}