{
  "pae_all": 1.3890557289123535,
  "pae_chain_a": 1.0919378995895386,
  "pae_chain_b": 1.0600500106811523,
  "pae_interaction": 1.7215625047683716
}