{
    "confidence_score": 0.9591564536094666,
    "ptm": 0.962644100189209,
    "iptm": 0.9596458077430725,
    "ligand_iptm": 0.0,
    "protein_iptm": 0.9596458077430725,
    "complex_plddt": 0.9590340256690979,
    "complex_iplddt": 0.9689536690711975,
    "complex_pde": 0.2681542634963989,
    "complex_ipde": 0.30581507086753845,
    "chains_ptm": {
        "0": 0.973321795463562,
        "1": 0.9718683958053589
    },
    "pair_chains_iptm": {
        "0": {
            "0": 0.973321795463562,
            "1": 0.9554476141929626
        },
        "1": {
            "0": 0.9596458077430725,
            "1": 0.9718683958053589
        }
    }
}