{
    "confidence_score": 0.9598812460899353,
    "ptm": 0.9639888405799866,
    "iptm": 0.9610748291015625,
    "ligand_iptm": 0.0,
    "protein_iptm": 0.9610748291015625,
    "complex_plddt": 0.9595827460289001,
    "complex_iplddt": 0.96812903881073,
    "complex_pde": 0.2658461928367615,
    "complex_ipde": 0.29868072271347046,
    "chains_ptm": {
        "0": 0.9744434356689453,
        "1": 0.9748631715774536
    },
    "pair_chains_iptm": {
        "0": {
            "0": 0.9744434356689453,
            "1": 0.9578492045402527
        },
        "1": {
            "0": 0.9610748291015625,
            "1": 0.9748631715774536
        }
    }
}