{
    "confidence_score": 0.9585453271865845,
    "ptm": 0.9616503715515137,
    "iptm": 0.9595779776573181,
    "ligand_iptm": 0.0,
    "protein_iptm": 0.9595779776573181,
    "complex_plddt": 0.9582871198654175,
    "complex_iplddt": 0.9668282270431519,
    "complex_pde": 0.2660050094127655,
    "complex_ipde": 0.30171796679496765,
    "chains_ptm": {
        "0": 0.9736793041229248,
        "1": 0.9725265502929688
    },
    "pair_chains_iptm": {
        "0": {
            "0": 0.9736793041229248,
            "1": 0.9545286893844604
        },
        "1": {
            "0": 0.9595779776573181,
            "1": 0.9725265502929688
        }
    }
}