{
    "confidence_score": 0.9584272503852844,
    "ptm": 0.9587799906730652,
    "iptm": 0.9561309814453125,
    "ligand_iptm": 0.0,
    "protein_iptm": 0.9561309814453125,
    "complex_plddt": 0.9590013027191162,
    "complex_iplddt": 0.9694499969482422,
    "complex_pde": 0.2732159197330475,
    "complex_ipde": 0.31765541434288025,
    "chains_ptm": {
        "0": 0.9693417549133301,
        "1": 0.970454752445221
    },
    "pair_chains_iptm": {
        "0": {
            "0": 0.9693417549133301,
            "1": 0.9520803689956665
        },
        "1": {
            "0": 0.9561309814453125,
            "1": 0.970454752445221
        }
    }
}