{
    "confidence_score": 0.9577206969261169,
    "ptm": 0.9527326226234436,
    "iptm": 0.9474873542785645,
    "ligand_iptm": 0.0,
    "protein_iptm": 0.9474873542785645,
    "complex_plddt": 0.9602789878845215,
    "complex_iplddt": 0.9691156148910522,
    "complex_pde": 0.2824263572692871,
    "complex_ipde": 0.3569476008415222,
    "chains_ptm": {
        "0": 0.9673236012458801,
        "1": 0.9644405841827393
    },
    "pair_chains_iptm": {
        "0": {
            "0": 0.9673236012458801,
            "1": 0.9474873542785645
        },
        "1": {
            "0": 0.9459090828895569,
            "1": 0.9644405841827393
        }
    }
}