{
  "pae_all": 1.3118574619293213,
  "pae_chain_a": 0.9994598031044006,
  "pae_chain_b": 1.0236289501190186,
  "pae_interaction": 1.6422317028045654
}