{
  "pae_all": 1.4184107780456543,
  "pae_chain_a": 1.0394936800003052,
  "pae_chain_b": 1.1279349327087402,
  "pae_interaction": 1.7994239330291748
}