{
  "pae_all": 1.1856091022491455,
  "pae_chain_a": 0.8950077295303345,
  "pae_chain_b": 0.9174566268920898,
  "pae_interaction": 1.4929442405700684
}