{
  "pae_all": 1.2234461307525635,
  "pae_chain_a": 0.9280211925506592,
  "pae_chain_b": 0.951562225818634,
  "pae_interaction": 1.5356428623199463
}