{
  "pae_all": 1.1609240770339966,
  "pae_chain_a": 0.9008331894874573,
  "pae_chain_b": 0.8766664266586304,
  "pae_interaction": 1.450744867324829
}