{
    "confidence_score": 0.9494657516479492,
    "ptm": 0.9551160335540771,
    "iptm": 0.9406294822692871,
    "ligand_iptm": 0.0,
    "protein_iptm": 0.9406294822692871,
    "complex_plddt": 0.9516748785972595,
    "complex_iplddt": 0.9490675926208496,
    "complex_pde": 0.31705644726753235,
    "complex_ipde": 0.4973510801792145,
    "chains_ptm": {
        "0": 0.969455361366272,
        "1": 0.9491188526153564
    },
    "pair_chains_iptm": {
        "0": {
            "0": 0.969455361366272,
            "1": 0.9406294822692871
        },
        "1": {
            "0": 0.9336280822753906,
            "1": 0.9491188526153564
        }
    }
}