{
    "confidence_score": 0.9468369483947754,
    "ptm": 0.935352623462677,
    "iptm": 0.9198919534683228,
    "ligand_iptm": 0.0,
    "protein_iptm": 0.9198919534683228,
    "complex_plddt": 0.9535732269287109,
    "complex_iplddt": 0.9496921300888062,
    "complex_pde": 0.39051803946495056,
    "complex_ipde": 0.8006786704063416,
    "chains_ptm": {
        "0": 0.9552819132804871,
        "1": 0.9268816113471985
    },
    "pair_chains_iptm": {
        "0": {
            "0": 0.9552819132804871,
            "1": 0.9198919534683228
        },
        "1": {
            "0": 0.9007707238197327,
            "1": 0.9268816113471985
        }
    }
}