{
    "confidence_score": 0.9479933977127075,
    "ptm": 0.952331006526947,
    "iptm": 0.9364731907844543,
    "ligand_iptm": 0.0,
    "protein_iptm": 0.9364731907844543,
    "complex_plddt": 0.9508734345436096,
    "complex_iplddt": 0.9455605149269104,
    "complex_pde": 0.33173200488090515,
    "complex_ipde": 0.5810398459434509,
    "chains_ptm": {
        "0": 0.9662163257598877,
        "1": 0.9462385177612305
    },
    "pair_chains_iptm": {
        "0": {
            "0": 0.9662163257598877,
            "1": 0.9364731907844543
        },
        "1": {
            "0": 0.9289223551750183,
            "1": 0.9462385177612305
        }
    }
}