{
    "confidence_score": 0.9476364254951477,
    "ptm": 0.9397146105766296,
    "iptm": 0.9208406209945679,
    "ligand_iptm": 0.0,
    "protein_iptm": 0.9208406209945679,
    "complex_plddt": 0.9543353319168091,
    "complex_iplddt": 0.9513553977012634,
    "complex_pde": 0.3739979565143585,
    "complex_ipde": 0.713836133480072,
    "chains_ptm": {
        "0": 0.9563820362091064,
        "1": 0.9343482255935669
    },
    "pair_chains_iptm": {
        "0": {
            "0": 0.9563820362091064,
            "1": 0.9208406209945679
        },
        "1": {
            "0": 0.9100834727287292,
            "1": 0.9343482255935669
        }
    }
}