{
    "confidence_score": 0.9460163116455078,
    "ptm": 0.943956732749939,
    "iptm": 0.9259085059165955,
    "ligand_iptm": 0.0,
    "protein_iptm": 0.9259085059165955,
    "complex_plddt": 0.9510432481765747,
    "complex_iplddt": 0.9464604258537292,
    "complex_pde": 0.36453500390052795,
    "complex_ipde": 0.6990489959716797,
    "chains_ptm": {
        "0": 0.9592253565788269,
        "1": 0.9415600299835205
    },
    "pair_chains_iptm": {
        "0": {
            "0": 0.9592253565788269,
            "1": 0.9259085059165955
        },
        "1": {
            "0": 0.9168123006820679,
            "1": 0.9415600299835205
        }
    }
}