{
  "pae_all": 1.8560800552368164,
  "pae_chain_a": 1.2497047185897827,
  "pae_chain_b": 1.5480082035064697,
  "pae_interaction": 2.4817256927490234
}