{
  "pae_all": 2.3379530906677246,
  "pae_chain_a": 1.6230791807174683,
  "pae_chain_b": 1.9174156188964844,
  "pae_interaction": 3.091672897338867
}