{
  "pae_all": 1.739428162574768,
  "pae_chain_a": 1.1795668601989746,
  "pae_chain_b": 1.4766286611557007,
  "pae_interaction": 2.310994863510132
}