{
  "pae_all": 2.1209824085235596,
  "pae_chain_a": 1.5295684337615967,
  "pae_chain_b": 1.6670125722885132,
  "pae_interaction": 2.774362325668335
}