{
  "pae_all": 2.208815813064575,
  "pae_chain_a": 1.5250433683395386,
  "pae_chain_b": 1.851860761642456,
  "pae_interaction": 2.9170074462890625
}