{
    "confidence_score": 0.9637899398803711,
    "ptm": 0.9669269919395447,
    "iptm": 0.9635034203529358,
    "ligand_iptm": 0.0,
    "protein_iptm": 0.9635034203529358,
    "complex_plddt": 0.9638615846633911,
    "complex_iplddt": 0.9727562665939331,
    "complex_pde": 0.2630001902580261,
    "complex_ipde": 0.2869698703289032,
    "chains_ptm": {
        "0": 0.9764615297317505,
        "1": 0.9755399823188782
    },
    "pair_chains_iptm": {
        "0": {
            "0": 0.9764615297317505,
            "1": 0.9626262187957764
        },
        "1": {
            "0": 0.9635034203529358,
            "1": 0.9755399823188782
        }
    }
}