{
    "confidence_score": 0.964693546295166,
    "ptm": 0.9675309062004089,
    "iptm": 0.9634435772895813,
    "ligand_iptm": 0.0,
    "protein_iptm": 0.9634435772895813,
    "complex_plddt": 0.9650059938430786,
    "complex_iplddt": 0.9736306071281433,
    "complex_pde": 0.2608870565891266,
    "complex_ipde": 0.2826092839241028,
    "chains_ptm": {
        "0": 0.9772012829780579,
        "1": 0.9764270782470703
    },
    "pair_chains_iptm": {
        "0": {
            "0": 0.9772012829780579,
            "1": 0.9631498456001282
        },
        "1": {
            "0": 0.9634435772895813,
            "1": 0.9764270782470703
        }
    }
}