{
    "confidence_score": 0.9651225209236145,
    "ptm": 0.9666504859924316,
    "iptm": 0.96291184425354,
    "ligand_iptm": 0.0,
    "protein_iptm": 0.96291184425354,
    "complex_plddt": 0.9656751751899719,
    "complex_iplddt": 0.9743792414665222,
    "complex_pde": 0.2643493413925171,
    "complex_ipde": 0.29279986023902893,
    "chains_ptm": {
        "0": 0.9747089743614197,
        "1": 0.9756394624710083
    },
    "pair_chains_iptm": {
        "0": {
            "0": 0.9747089743614197,
            "1": 0.9593694806098938
        },
        "1": {
            "0": 0.96291184425354,
            "1": 0.9756394624710083
        }
    }
}