{
    "confidence_score": 0.9640779495239258,
    "ptm": 0.9611507654190063,
    "iptm": 0.9572389721870422,
    "ligand_iptm": 0.0,
    "protein_iptm": 0.9572389721870422,
    "complex_plddt": 0.9657876491546631,
    "complex_iplddt": 0.9739049673080444,
    "complex_pde": 0.27207157015800476,
    "complex_ipde": 0.32037341594696045,
    "chains_ptm": {
        "0": 0.971392810344696,
        "1": 0.9693761467933655
    },
    "pair_chains_iptm": {
        "0": {
            "0": 0.971392810344696,
            "1": 0.9572389721870422
        },
        "1": {
            "0": 0.9544099569320679,
            "1": 0.9693761467933655
        }
    }
}