{
    "confidence_score": 0.9663782119750977,
    "ptm": 0.9722653031349182,
    "iptm": 0.9681336283683777,
    "ligand_iptm": 0.0,
    "protein_iptm": 0.9681336283683777,
    "complex_plddt": 0.9659393429756165,
    "complex_iplddt": 0.9738861918449402,
    "complex_pde": 0.260078489780426,
    "complex_ipde": 0.2811514735221863,
    "chains_ptm": {
        "0": 0.9788868427276611,
        "1": 0.9780302047729492
    },
    "pair_chains_iptm": {
        "0": {
            "0": 0.9788868427276611,
            "1": 0.9641048908233643
        },
        "1": {
            "0": 0.9681336283683777,
            "1": 0.9780302047729492
        }
    }
}