{
  "pae_all": 1.1349505186080933,
  "pae_chain_a": 0.8605019450187683,
  "pae_chain_b": 0.889295220375061,
  "pae_interaction": 1.4226720333099365
}