{
  "pae_all": 1.0640124082565308,
  "pae_chain_a": 0.7983235120773315,
  "pae_chain_b": 0.8441798686981201,
  "pae_interaction": 1.3365567922592163
}