{
  "pae_all": 1.0236834287643433,
  "pae_chain_a": 0.7577123641967773,
  "pae_chain_b": 0.826934278011322,
  "pae_interaction": 1.2887449264526367
}