{
  "pae_all": 1.2705340385437012,
  "pae_chain_a": 0.946372926235199,
  "pae_chain_b": 1.002841591835022,
  "pae_interaction": 1.6028856039047241
}