{
  "pae_all": 1.1258859634399414,
  "pae_chain_a": 0.8109210133552551,
  "pae_chain_b": 0.9309496283531189,
  "pae_interaction": 1.427088737487793
}