{
    "confidence_score": 0.9485321044921875,
    "ptm": 0.9564480781555176,
    "iptm": 0.9412876963615417,
    "ligand_iptm": 0.0,
    "protein_iptm": 0.9412876963615417,
    "complex_plddt": 0.9503431916236877,
    "complex_iplddt": 0.9532897472381592,
    "complex_pde": 0.3104088306427002,
    "complex_ipde": 0.5318922400474548,
    "chains_ptm": {
        "0": 0.9686169624328613,
        "1": 0.956695556640625
    },
    "pair_chains_iptm": {
        "0": {
            "0": 0.9686169624328613,
            "1": 0.8880454897880554
        },
        "1": {
            "0": 0.9412876963615417,
            "1": 0.956695556640625
        }
    }
}