{
    "confidence_score": 0.9501825571060181,
    "ptm": 0.9728314876556396,
    "iptm": 0.9656506776809692,
    "ligand_iptm": 0.0,
    "protein_iptm": 0.9656506776809692,
    "complex_plddt": 0.9463155269622803,
    "complex_iplddt": 0.9513987302780151,
    "complex_pde": 0.27081260085105896,
    "complex_ipde": 0.34066155552864075,
    "chains_ptm": {
        "0": 0.9792383909225464,
        "1": 0.9736077189445496
    },
    "pair_chains_iptm": {
        "0": {
            "0": 0.9792383909225464,
            "1": 0.9272713661193848
        },
        "1": {
            "0": 0.9656506776809692,
            "1": 0.9736077189445496
        }
    }
}