{
    "confidence_score": 0.9456882476806641,
    "ptm": 0.9576759338378906,
    "iptm": 0.9433279037475586,
    "ligand_iptm": 0.0,
    "protein_iptm": 0.9433279037475586,
    "complex_plddt": 0.9462783336639404,
    "complex_iplddt": 0.9487574696540833,
    "complex_pde": 0.30155426263809204,
    "complex_ipde": 0.48083269596099854,
    "chains_ptm": {
        "0": 0.9701440334320068,
        "1": 0.9569379091262817
    },
    "pair_chains_iptm": {
        "0": {
            "0": 0.9701440334320068,
            "1": 0.8878415822982788
        },
        "1": {
            "0": 0.9433279037475586,
            "1": 0.9569379091262817
        }
    }
}