{
    "confidence_score": 0.9457370042800903,
    "ptm": 0.9540034532546997,
    "iptm": 0.9385108947753906,
    "ligand_iptm": 0.0,
    "protein_iptm": 0.9385108947753906,
    "complex_plddt": 0.9475435018539429,
    "complex_iplddt": 0.9490193724632263,
    "complex_pde": 0.3095063865184784,
    "complex_ipde": 0.5345467925071716,
    "chains_ptm": {
        "0": 0.966851532459259,
        "1": 0.9560264348983765
    },
    "pair_chains_iptm": {
        "0": {
            "0": 0.966851532459259,
            "1": 0.8801290392875671
        },
        "1": {
            "0": 0.9385108947753906,
            "1": 0.9560264348983765
        }
    }
}