{
    "confidence_score": 0.9461947679519653,
    "ptm": 0.9601781964302063,
    "iptm": 0.9482918977737427,
    "ligand_iptm": 0.0,
    "protein_iptm": 0.9482918977737427,
    "complex_plddt": 0.9456704258918762,
    "complex_iplddt": 0.9460325241088867,
    "complex_pde": 0.2957737147808075,
    "complex_ipde": 0.45285964012145996,
    "chains_ptm": {
        "0": 0.9696617722511292,
        "1": 0.9605673551559448
    },
    "pair_chains_iptm": {
        "0": {
            "0": 0.9696617722511292,
            "1": 0.8976362347602844
        },
        "1": {
            "0": 0.9482918977737427,
            "1": 0.9605673551559448
        }
    }
}