{
  "pae_all": 1.2075862884521484,
  "pae_chain_a": 0.8484639525413513,
  "pae_chain_b": 0.9407969117164612,
  "pae_interaction": 1.5796760320663452
}