{
  "pae_all": 1.721030831336975,
  "pae_chain_a": 1.177590250968933,
  "pae_chain_b": 1.3231980800628662,
  "pae_interaction": 2.2822675704956055
}