{
  "pae_all": 1.5878145694732666,
  "pae_chain_a": 1.1220282316207886,
  "pae_chain_b": 1.210004210472107,
  "pae_interaction": 2.0802831649780273
}