{
  "pae_all": 1.6643555164337158,
  "pae_chain_a": 1.140491247177124,
  "pae_chain_b": 1.2756617069244385,
  "pae_interaction": 2.206986427307129
}