{
  "pae_all": 1.728990912437439,
  "pae_chain_a": 1.1677268743515015,
  "pae_chain_b": 1.2988518476486206,
  "pae_interaction": 2.3146114349365234
}