{
    "confidence_score": 0.9578338861465454,
    "ptm": 0.9474707841873169,
    "iptm": 0.9370844960212708,
    "ligand_iptm": 0.0,
    "protein_iptm": 0.9370844960212708,
    "complex_plddt": 0.9630212187767029,
    "complex_iplddt": 0.967153012752533,
    "complex_pde": 0.32118332386016846,
    "complex_ipde": 0.5151669383049011,
    "chains_ptm": {
        "0": 0.9675435423851013,
        "1": 0.9408349990844727
    },
    "pair_chains_iptm": {
        "0": {
            "0": 0.9675435423851013,
            "1": 0.9370844960212708
        },
        "1": {
            "0": 0.9206541180610657,
            "1": 0.9408349990844727
        }
    }
}