{
    "confidence_score": 0.9580827951431274,
    "ptm": 0.9504918456077576,
    "iptm": 0.9423021674156189,
    "ligand_iptm": 0.0,
    "protein_iptm": 0.9423021674156189,
    "complex_plddt": 0.962027907371521,
    "complex_iplddt": 0.9652144312858582,
    "complex_pde": 0.3043074905872345,
    "complex_ipde": 0.45250204205513,
    "chains_ptm": {
        "0": 0.9719444513320923,
        "1": 0.9469612240791321
    },
    "pair_chains_iptm": {
        "0": {
            "0": 0.9719444513320923,
            "1": 0.9423021674156189
        },
        "1": {
            "0": 0.9258990287780762,
            "1": 0.9469612240791321
        }
    }
}