{
    "confidence_score": 0.9591723680496216,
    "ptm": 0.9504989981651306,
    "iptm": 0.9412555694580078,
    "ligand_iptm": 0.0,
    "protein_iptm": 0.9412555694580078,
    "complex_plddt": 0.9636515378952026,
    "complex_iplddt": 0.9705187678337097,
    "complex_pde": 0.31332769989967346,
    "complex_ipde": 0.4914934039115906,
    "chains_ptm": {
        "0": 0.970076322555542,
        "1": 0.9438961148262024
    },
    "pair_chains_iptm": {
        "0": {
            "0": 0.970076322555542,
            "1": 0.9412555694580078
        },
        "1": {
            "0": 0.926189124584198,
            "1": 0.9438961148262024
        }
    }
}