{
    "confidence_score": 0.9578008055686951,
    "ptm": 0.9477209448814392,
    "iptm": 0.9374862909317017,
    "ligand_iptm": 0.0,
    "protein_iptm": 0.9374862909317017,
    "complex_plddt": 0.9628794193267822,
    "complex_iplddt": 0.9637821316719055,
    "complex_pde": 0.31554684042930603,
    "complex_ipde": 0.4865559935569763,
    "chains_ptm": {
        "0": 0.9666270017623901,
        "1": 0.9422376751899719
    },
    "pair_chains_iptm": {
        "0": {
            "0": 0.9666270017623901,
            "1": 0.9374862909317017
        },
        "1": {
            "0": 0.9219603538513184,
            "1": 0.9422376751899719
        }
    }
}