{
    "confidence_score": 0.9581002593040466,
    "ptm": 0.9484180212020874,
    "iptm": 0.9394526481628418,
    "ligand_iptm": 0.0,
    "protein_iptm": 0.9394526481628418,
    "complex_plddt": 0.9627621173858643,
    "complex_iplddt": 0.9703199863433838,
    "complex_pde": 0.3164009749889374,
    "complex_ipde": 0.5023675560951233,
    "chains_ptm": {
        "0": 0.9681281447410583,
        "1": 0.9415672421455383
    },
    "pair_chains_iptm": {
        "0": {
            "0": 0.9681281447410583,
            "1": 0.9394526481628418
        },
        "1": {
            "0": 0.9207543730735779,
            "1": 0.9415672421455383
        }
    }
}