{
  "pae_all": 1.803022861480713,
  "pae_chain_a": 1.0653866529464722,
  "pae_chain_b": 1.6389049291610718,
  "pae_interaction": 2.420206069946289
}