{
  "pae_all": 1.7409037351608276,
  "pae_chain_a": 1.063816785812378,
  "pae_chain_b": 1.5431098937988281,
  "pae_interaction": 2.322855234146118
}