{
  "pae_all": 1.627876877784729,
  "pae_chain_a": 0.9809237122535706,
  "pae_chain_b": 1.45363450050354,
  "pae_interaction": 2.1791021823883057
}