{
  "pae_all": 1.7688182592391968,
  "pae_chain_a": 1.0116710662841797,
  "pae_chain_b": 1.6307896375656128,
  "pae_interaction": 2.392367362976074
}