{
  "pae_all": 1.7221308946609497,
  "pae_chain_a": 1.0386691093444824,
  "pae_chain_b": 1.5369049310684204,
  "pae_interaction": 2.3048393726348877
}