{
    "confidence_score": 0.9617845416069031,
    "ptm": 0.9379288554191589,
    "iptm": 0.9333896040916443,
    "ligand_iptm": 0.0,
    "protein_iptm": 0.9333896040916443,
    "complex_plddt": 0.9688832759857178,
    "complex_iplddt": 0.9754955768585205,
    "complex_pde": 0.3045213222503662,
    "complex_ipde": 0.4436914920806885,
    "chains_ptm": {
        "0": 0.9536519050598145,
        "1": 0.9608213901519775
    },
    "pair_chains_iptm": {
        "0": {
            "0": 0.9536519050598145,
            "1": 0.9159147143363953
        },
        "1": {
            "0": 0.9333896040916443,
            "1": 0.9608213901519775
        }
    }
}