{
    "confidence_score": 0.9624622464179993,
    "ptm": 0.945776641368866,
    "iptm": 0.9430973529815674,
    "ligand_iptm": 0.0,
    "protein_iptm": 0.9430973529815674,
    "complex_plddt": 0.967303454875946,
    "complex_iplddt": 0.9739338159561157,
    "complex_pde": 0.2868783175945282,
    "complex_ipde": 0.37220704555511475,
    "chains_ptm": {
        "0": 0.9565906524658203,
        "1": 0.9652686715126038
    },
    "pair_chains_iptm": {
        "0": {
            "0": 0.9565906524658203,
            "1": 0.9221186637878418
        },
        "1": {
            "0": 0.9430973529815674,
            "1": 0.9652686715126038
        }
    }
}