{
    "confidence_score": 0.963839054107666,
    "ptm": 0.9498487114906311,
    "iptm": 0.9432711005210876,
    "ligand_iptm": 0.0,
    "protein_iptm": 0.9432711005210876,
    "complex_plddt": 0.9689810872077942,
    "complex_iplddt": 0.976111650466919,
    "complex_pde": 0.2943674325942993,
    "complex_ipde": 0.40261903405189514,
    "chains_ptm": {
        "0": 0.9611591100692749,
        "1": 0.9652645587921143
    },
    "pair_chains_iptm": {
        "0": {
            "0": 0.9611591100692749,
            "1": 0.9337480664253235
        },
        "1": {
            "0": 0.9432711005210876,
            "1": 0.9652645587921143
        }
    }
}