{
    "confidence_score": 0.9626620411872864,
    "ptm": 0.9441913962364197,
    "iptm": 0.9412147998809814,
    "ligand_iptm": 0.0,
    "protein_iptm": 0.9412147998809814,
    "complex_plddt": 0.9680238366127014,
    "complex_iplddt": 0.9751812815666199,
    "complex_pde": 0.2948693335056305,
    "complex_ipde": 0.40380826592445374,
    "chains_ptm": {
        "0": 0.9571830034255981,
        "1": 0.9635176062583923
    },
    "pair_chains_iptm": {
        "0": {
            "0": 0.9571830034255981,
            "1": 0.9240634441375732
        },
        "1": {
            "0": 0.9412147998809814,
            "1": 0.9635176062583923
        }
    }
}