{
    "confidence_score": 0.9629796147346497,
    "ptm": 0.9514766931533813,
    "iptm": 0.9480123519897461,
    "ligand_iptm": 0.0,
    "protein_iptm": 0.9480123519897461,
    "complex_plddt": 0.9667214155197144,
    "complex_iplddt": 0.9718620777130127,
    "complex_pde": 0.28737229108810425,
    "complex_ipde": 0.3792850077152252,
    "chains_ptm": {
        "0": 0.9610145688056946,
        "1": 0.9673340320587158
    },
    "pair_chains_iptm": {
        "0": {
            "0": 0.9610145688056946,
            "1": 0.9297590851783752
        },
        "1": {
            "0": 0.9480123519897461,
            "1": 0.9673340320587158
        }
    }
}