{
  "pae_all": 1.511291265487671,
  "pae_chain_a": 1.1749892234802246,
  "pae_chain_b": 1.1522748470306396,
  "pae_interaction": 1.8831900358200073
}