{
  "pae_all": 1.5581566095352173,
  "pae_chain_a": 1.2087613344192505,
  "pae_chain_b": 1.1822679042816162,
  "pae_interaction": 1.9454991817474365
}