{
  "pae_all": 1.4591941833496094,
  "pae_chain_a": 1.0776095390319824,
  "pae_chain_b": 1.1537796258926392,
  "pae_interaction": 1.8471870422363281
}