{
  "pae_all": 1.5012470483779907,
  "pae_chain_a": 1.1525505781173706,
  "pae_chain_b": 1.1553075313568115,
  "pae_interaction": 1.8780828714370728
}