{
  "pae_all": 1.6484136581420898,
  "pae_chain_a": 1.2828598022460938,
  "pae_chain_b": 1.2314980030059814,
  "pae_interaction": 2.0615508556365967
}