{
    "confidence_score": 0.9585312008857727,
    "ptm": 0.9304255843162537,
    "iptm": 0.9247177243232727,
    "ligand_iptm": 0.0,
    "protein_iptm": 0.9247177243232727,
    "complex_plddt": 0.9669845700263977,
    "complex_iplddt": 0.9723671674728394,
    "complex_pde": 0.3195289373397827,
    "complex_ipde": 0.5077173113822937,
    "chains_ptm": {
        "0": 0.9470469355583191,
        "1": 0.9539330005645752
    },
    "pair_chains_iptm": {
        "0": {
            "0": 0.9470469355583191,
            "1": 0.8992646932601929
        },
        "1": {
            "0": 0.9247177243232727,
            "1": 0.9539330005645752
        }
    }
}