{
    "confidence_score": 0.9602108001708984,
    "ptm": 0.9433757662773132,
    "iptm": 0.9400544762611389,
    "ligand_iptm": 0.0,
    "protein_iptm": 0.9400544762611389,
    "complex_plddt": 0.9652498960494995,
    "complex_iplddt": 0.9710193276405334,
    "complex_pde": 0.28927382826805115,
    "complex_ipde": 0.39180120825767517,
    "chains_ptm": {
        "0": 0.95609050989151,
        "1": 0.9629113078117371
    },
    "pair_chains_iptm": {
        "0": {
            "0": 0.95609050989151,
            "1": 0.9160181879997253
        },
        "1": {
            "0": 0.9400544762611389,
            "1": 0.9629113078117371
        }
    }
}