{
    "confidence_score": 0.9600866436958313,
    "ptm": 0.9390432834625244,
    "iptm": 0.933715283870697,
    "ligand_iptm": 0.0,
    "protein_iptm": 0.933715283870697,
    "complex_plddt": 0.9666794538497925,
    "complex_iplddt": 0.9732821583747864,
    "complex_pde": 0.30249685049057007,
    "complex_ipde": 0.4386301338672638,
    "chains_ptm": {
        "0": 0.9558565616607666,
        "1": 0.9613072276115417
    },
    "pair_chains_iptm": {
        "0": {
            "0": 0.9558565616607666,
            "1": 0.9149720668792725
        },
        "1": {
            "0": 0.933715283870697,
            "1": 0.9613072276115417
        }
    }
}