{
    "confidence_score": 0.9611613154411316,
    "ptm": 0.9411876201629639,
    "iptm": 0.9381689429283142,
    "ligand_iptm": 0.0,
    "protein_iptm": 0.9381689429283142,
    "complex_plddt": 0.9669094681739807,
    "complex_iplddt": 0.9728662967681885,
    "complex_pde": 0.2983199954032898,
    "complex_ipde": 0.4240068197250366,
    "chains_ptm": {
        "0": 0.9541658759117126,
        "1": 0.9624524712562561
    },
    "pair_chains_iptm": {
        "0": {
            "0": 0.9541658759117126,
            "1": 0.9163673520088196
        },
        "1": {
            "0": 0.9381689429283142,
            "1": 0.9624524712562561
        }
    }
}