{
    "confidence_score": 0.9617456793785095,
    "ptm": 0.9514350295066833,
    "iptm": 0.9486702084541321,
    "ligand_iptm": 0.0,
    "protein_iptm": 0.9486702084541321,
    "complex_plddt": 0.9650144577026367,
    "complex_iplddt": 0.9720622301101685,
    "complex_pde": 0.28373605012893677,
    "complex_ipde": 0.3642682433128357,
    "chains_ptm": {
        "0": 0.9656130075454712,
        "1": 0.966018795967102
    },
    "pair_chains_iptm": {
        "0": {
            "0": 0.9656130075454712,
            "1": 0.9348475933074951
        },
        "1": {
            "0": 0.9486702084541321,
            "1": 0.966018795967102
        }
    }
}