{
  "pae_all": 1.762984037399292,
  "pae_chain_a": 1.3468436002731323,
  "pae_chain_b": 1.3094731569290161,
  "pae_interaction": 2.226259708404541
}