{
  "pae_all": 1.631840467453003,
  "pae_chain_a": 1.2034335136413574,
  "pae_chain_b": 1.2837761640548706,
  "pae_interaction": 2.069167375564575
}