{
  "pae_all": 1.5806312561035156,
  "pae_chain_a": 1.1998181343078613,
  "pae_chain_b": 1.2056857347488403,
  "pae_interaction": 1.991222858428955
}