{
  "pae_all": 1.4061280488967896,
  "pae_chain_a": 1.0083396434783936,
  "pae_chain_b": 1.1659116744995117,
  "pae_interaction": 1.7845414876937866
}