{
  "pae_all": 1.5250691175460815,
  "pae_chain_a": 1.1436129808425903,
  "pae_chain_b": 1.1709342002868652,
  "pae_interaction": 1.929206132888794
}