{
    "confidence_score": 0.9634231925010681,
    "ptm": 0.9612725973129272,
    "iptm": 0.9602614641189575,
    "ligand_iptm": 0.0,
    "protein_iptm": 0.9602614641189575,
    "complex_plddt": 0.9642135500907898,
    "complex_iplddt": 0.971287727355957,
    "complex_pde": 0.2663072943687439,
    "complex_ipde": 0.3043326735496521,
    "chains_ptm": {
        "0": 0.9734638929367065,
        "1": 0.9732174277305603
    },
    "pair_chains_iptm": {
        "0": {
            "0": 0.9734638929367065,
            "1": 0.9548410773277283
        },
        "1": {
            "0": 0.9602614641189575,
            "1": 0.9732174277305603
        }
    }
}