{
    "confidence_score": 0.9611427187919617,
    "ptm": 0.9518001079559326,
    "iptm": 0.9505286812782288,
    "ligand_iptm": 0.0,
    "protein_iptm": 0.9505286812782288,
    "complex_plddt": 0.9637962579727173,
    "complex_iplddt": 0.9709682464599609,
    "complex_pde": 0.27873677015304565,
    "complex_ipde": 0.3449597954750061,
    "chains_ptm": {
        "0": 0.965513288974762,
        "1": 0.9676941633224487
    },
    "pair_chains_iptm": {
        "0": {
            "0": 0.965513288974762,
            "1": 0.9447804093360901
        },
        "1": {
            "0": 0.9505286812782288,
            "1": 0.9676941633224487
        }
    }
}