{
    "confidence_score": 0.9608734250068665,
    "ptm": 0.9531605243682861,
    "iptm": 0.9544975757598877,
    "ligand_iptm": 0.0,
    "protein_iptm": 0.9544975757598877,
    "complex_plddt": 0.9624674320220947,
    "complex_iplddt": 0.9697964191436768,
    "complex_pde": 0.2749163508415222,
    "complex_ipde": 0.33207759261131287,
    "chains_ptm": {
        "0": 0.9675894379615784,
        "1": 0.9682773351669312
    },
    "pair_chains_iptm": {
        "0": {
            "0": 0.9675894379615784,
            "1": 0.9444692730903625
        },
        "1": {
            "0": 0.9544975757598877,
            "1": 0.9682773351669312
        }
    }
}