{
    "confidence_score": 0.9623399972915649,
    "ptm": 0.9609679579734802,
    "iptm": 0.9603099822998047,
    "ligand_iptm": 0.0,
    "protein_iptm": 0.9603099822998047,
    "complex_plddt": 0.9628474116325378,
    "complex_iplddt": 0.9703646898269653,
    "complex_pde": 0.26686233282089233,
    "complex_ipde": 0.3066277503967285,
    "chains_ptm": {
        "0": 0.9736878275871277,
        "1": 0.9718950390815735
    },
    "pair_chains_iptm": {
        "0": {
            "0": 0.9736878275871277,
            "1": 0.9547390937805176
        },
        "1": {
            "0": 0.9603099822998047,
            "1": 0.9718950390815735
        }
    }
}