{
    "confidence_score": 0.9636831283569336,
    "ptm": 0.9634947180747986,
    "iptm": 0.9612080454826355,
    "ligand_iptm": 0.0,
    "protein_iptm": 0.9612080454826355,
    "complex_plddt": 0.9643018841743469,
    "complex_iplddt": 0.970785915851593,
    "complex_pde": 0.2657492756843567,
    "complex_ipde": 0.30169445276260376,
    "chains_ptm": {
        "0": 0.9742560982704163,
        "1": 0.9733450412750244
    },
    "pair_chains_iptm": {
        "0": {
            "0": 0.9742560982704163,
            "1": 0.9557682275772095
        },
        "1": {
            "0": 0.9612080454826355,
            "1": 0.9733450412750244
        }
    }
}