{
  "pae_all": 1.332358717918396,
  "pae_chain_a": 1.010178565979004,
  "pae_chain_b": 1.0308822393417358,
  "pae_interaction": 1.6744858026504517
}