{
  "pae_all": 1.146278977394104,
  "pae_chain_a": 0.8531807065010071,
  "pae_chain_b": 0.9110461473464966,
  "pae_interaction": 1.4445135593414307
}