{
  "pae_all": 1.1699609756469727,
  "pae_chain_a": 0.8792474865913391,
  "pae_chain_b": 0.9224277138710022,
  "pae_interaction": 1.4705069065093994
}