{
  "pae_all": 1.1816703081130981,
  "pae_chain_a": 0.8881853222846985,
  "pae_chain_b": 0.9277582168579102,
  "pae_interaction": 1.4864211082458496
}