{
  "pae_all": 1.376176118850708,
  "pae_chain_a": 1.0434329509735107,
  "pae_chain_b": 1.0659940242767334,
  "pae_interaction": 1.7291276454925537
}