{
    "confidence_score": 0.961220920085907,
    "ptm": 0.9436485171318054,
    "iptm": 0.9417762160301208,
    "ligand_iptm": 0.0,
    "protein_iptm": 0.9417762160301208,
    "complex_plddt": 0.9660820960998535,
    "complex_iplddt": 0.9735685586929321,
    "complex_pde": 0.2919471561908722,
    "complex_ipde": 0.38528507947921753,
    "chains_ptm": {
        "0": 0.9578812122344971,
        "1": 0.963379442691803
    },
    "pair_chains_iptm": {
        "0": {
            "0": 0.9578812122344971,
            "1": 0.9325636029243469
        },
        "1": {
            "0": 0.9417762160301208,
            "1": 0.963379442691803
        }
    }
}