{
    "confidence_score": 0.9625511169433594,
    "ptm": 0.954767107963562,
    "iptm": 0.9520596265792847,
    "ligand_iptm": 0.0,
    "protein_iptm": 0.9520596265792847,
    "complex_plddt": 0.9651740193367004,
    "complex_iplddt": 0.9739121794700623,
    "complex_pde": 0.28168153762817383,
    "complex_ipde": 0.34737110137939453,
    "chains_ptm": {
        "0": 0.9671106338500977,
        "1": 0.9660995602607727
    },
    "pair_chains_iptm": {
        "0": {
            "0": 0.9671106338500977,
            "1": 0.9474032521247864
        },
        "1": {
            "0": 0.9520596265792847,
            "1": 0.9660995602607727
        }
    }
}