{
    "confidence_score": 0.9638453722000122,
    "ptm": 0.9488068222999573,
    "iptm": 0.9482001066207886,
    "ligand_iptm": 0.0,
    "protein_iptm": 0.9482001066207886,
    "complex_plddt": 0.9677566289901733,
    "complex_iplddt": 0.9752492308616638,
    "complex_pde": 0.2845315635204315,
    "complex_ipde": 0.36404305696487427,
    "chains_ptm": {
        "0": 0.9632452726364136,
        "1": 0.9652767181396484
    },
    "pair_chains_iptm": {
        "0": {
            "0": 0.9632452726364136,
            "1": 0.9395801424980164
        },
        "1": {
            "0": 0.9482001066207886,
            "1": 0.9652767181396484
        }
    }
}