{
    "confidence_score": 0.9635448455810547,
    "ptm": 0.9504003524780273,
    "iptm": 0.9495548009872437,
    "ligand_iptm": 0.0,
    "protein_iptm": 0.9495548009872437,
    "complex_plddt": 0.9670423865318298,
    "complex_iplddt": 0.9743662476539612,
    "complex_pde": 0.283000111579895,
    "complex_ipde": 0.3591102957725525,
    "chains_ptm": {
        "0": 0.963977038860321,
        "1": 0.9667679667472839
    },
    "pair_chains_iptm": {
        "0": {
            "0": 0.963977038860321,
            "1": 0.9397574663162231
        },
        "1": {
            "0": 0.9495548009872437,
            "1": 0.9667679667472839
        }
    }
}