{
    "confidence_score": 0.9634544253349304,
    "ptm": 0.9497309327125549,
    "iptm": 0.948614776134491,
    "ligand_iptm": 0.0,
    "protein_iptm": 0.948614776134491,
    "complex_plddt": 0.9671643376350403,
    "complex_iplddt": 0.9745243787765503,
    "complex_pde": 0.28394973278045654,
    "complex_ipde": 0.35709044337272644,
    "chains_ptm": {
        "0": 0.9619613885879517,
        "1": 0.9656860828399658
    },
    "pair_chains_iptm": {
        "0": {
            "0": 0.9619613885879517,
            "1": 0.9394064545631409
        },
        "1": {
            "0": 0.948614776134491,
            "1": 0.9656860828399658
        }
    }
}