{
  "pae_all": 1.4392110109329224,
  "pae_chain_a": 1.0833234786987305,
  "pae_chain_b": 1.1261463165283203,
  "pae_interaction": 1.8104817867279053
}