{
  "pae_all": 1.4594794511795044,
  "pae_chain_a": 1.1278154850006104,
  "pae_chain_b": 1.0888385772705078,
  "pae_interaction": 1.8317739963531494
}