{
  "pae_all": 1.462898850440979,
  "pae_chain_a": 1.1321296691894531,
  "pae_chain_b": 1.0916144847869873,
  "pae_interaction": 1.8347373008728027
}