{
  "pae_all": 1.5841864347457886,
  "pae_chain_a": 1.2471859455108643,
  "pae_chain_b": 1.159961462020874,
  "pae_interaction": 1.9783453941345215
}