{
  "pae_all": 1.4821733236312866,
  "pae_chain_a": 1.1689313650131226,
  "pae_chain_b": 1.0836012363433838,
  "pae_interaction": 1.8499619960784912
}