{
    "confidence_score": 0.9361125826835632,
    "ptm": 0.9289992451667786,
    "iptm": 0.9276509881019592,
    "ligand_iptm": 0.0,
    "protein_iptm": 0.9276509881019592,
    "complex_plddt": 0.9382279515266418,
    "complex_iplddt": 0.9421919584274292,
    "complex_pde": 0.3115524649620056,
    "complex_ipde": 0.4853675067424774,
    "chains_ptm": {
        "0": 0.9320091605186462,
        "1": 0.9608396887779236
    },
    "pair_chains_iptm": {
        "0": {
            "0": 0.9320091605186462,
            "1": 0.9040294885635376
        },
        "1": {
            "0": 0.9276509881019592,
            "1": 0.9608396887779236
        }
    }
}