{
    "confidence_score": 0.9368557333946228,
    "ptm": 0.9384387731552124,
    "iptm": 0.9339751601219177,
    "ligand_iptm": 0.0,
    "protein_iptm": 0.9339751601219177,
    "complex_plddt": 0.9375758767127991,
    "complex_iplddt": 0.9410253763198853,
    "complex_pde": 0.28817281126976013,
    "complex_ipde": 0.3903455436229706,
    "chains_ptm": {
        "0": 0.9488547444343567,
        "1": 0.9632888436317444
    },
    "pair_chains_iptm": {
        "0": {
            "0": 0.9488547444343567,
            "1": 0.9122859239578247
        },
        "1": {
            "0": 0.9339751601219177,
            "1": 0.9632888436317444
        }
    }
}