{
    "confidence_score": 0.9378604292869568,
    "ptm": 0.9331867694854736,
    "iptm": 0.9334749579429626,
    "ligand_iptm": 0.0,
    "protein_iptm": 0.9334749579429626,
    "complex_plddt": 0.9389567971229553,
    "complex_iplddt": 0.94451504945755,
    "complex_pde": 0.31032294034957886,
    "complex_ipde": 0.5189250707626343,
    "chains_ptm": {
        "0": 0.9384059309959412,
        "1": 0.9630628228187561
    },
    "pair_chains_iptm": {
        "0": {
            "0": 0.9384059309959412,
            "1": 0.9043247103691101
        },
        "1": {
            "0": 0.9334749579429626,
            "1": 0.9630628228187561
        }
    }
}