{
    "confidence_score": 0.9372038245201111,
    "ptm": 0.9417744278907776,
    "iptm": 0.9403577446937561,
    "ligand_iptm": 0.0,
    "protein_iptm": 0.9403577446937561,
    "complex_plddt": 0.9364152550697327,
    "complex_iplddt": 0.9425970315933228,
    "complex_pde": 0.2957485020160675,
    "complex_ipde": 0.43152663111686707,
    "chains_ptm": {
        "0": 0.9482104182243347,
        "1": 0.9630780816078186
    },
    "pair_chains_iptm": {
        "0": {
            "0": 0.9482104182243347,
            "1": 0.9196859002113342
        },
        "1": {
            "0": 0.9403577446937561,
            "1": 0.9630780816078186
        }
    }
}