{
    "confidence_score": 0.9372596740722656,
    "ptm": 0.938150942325592,
    "iptm": 0.9368323683738708,
    "ligand_iptm": 0.0,
    "protein_iptm": 0.9368323683738708,
    "complex_plddt": 0.9373665452003479,
    "complex_iplddt": 0.946251392364502,
    "complex_pde": 0.3047899603843689,
    "complex_ipde": 0.46305155754089355,
    "chains_ptm": {
        "0": 0.9438965320587158,
        "1": 0.9652501344680786
    },
    "pair_chains_iptm": {
        "0": {
            "0": 0.9438965320587158,
            "1": 0.9243049621582031
        },
        "1": {
            "0": 0.9368323683738708,
            "1": 0.9652501344680786
        }
    }
}