{
  "pae_all": 1.7223780155181885,
  "pae_chain_a": 1.350967288017273,
  "pae_chain_b": 1.185370683670044,
  "pae_interaction": 2.179938316345215
}