{
  "pae_all": 1.7357292175292969,
  "pae_chain_a": 1.3748416900634766,
  "pae_chain_b": 1.2327213287353516,
  "pae_interaction": 2.1740641593933105
}