{
  "pae_all": 1.6123160123825073,
  "pae_chain_a": 1.2761940956115723,
  "pae_chain_b": 1.133140206336975,
  "pae_interaction": 2.0241329669952393
}