{
  "pae_all": 1.6719914674758911,
  "pae_chain_a": 1.366321325302124,
  "pae_chain_b": 1.1504650115966797,
  "pae_interaction": 2.0750865936279297
}