{
  "pae_all": 1.5409314632415771,
  "pae_chain_a": 1.1276068687438965,
  "pae_chain_b": 1.1844183206558228,
  "pae_interaction": 1.9697623252868652
}