{
    "confidence_score": 0.9582659602165222,
    "ptm": 0.9515973329544067,
    "iptm": 0.9448484778404236,
    "ligand_iptm": 0.0,
    "protein_iptm": 0.9448484778404236,
    "complex_plddt": 0.9616203308105469,
    "complex_iplddt": 0.968172550201416,
    "complex_pde": 0.28016170859336853,
    "complex_ipde": 0.3637274503707886,
    "chains_ptm": {
        "0": 0.9643339514732361,
        "1": 0.9681228399276733
    },
    "pair_chains_iptm": {
        "0": {
            "0": 0.9643339514732361,
            "1": 0.9352945685386658
        },
        "1": {
            "0": 0.9448484778404236,
            "1": 0.9681228399276733
        }
    }
}