{
    "confidence_score": 0.9584941864013672,
    "ptm": 0.9522258639335632,
    "iptm": 0.9449681639671326,
    "ligand_iptm": 0.0,
    "protein_iptm": 0.9449681639671326,
    "complex_plddt": 0.9618756771087646,
    "complex_iplddt": 0.9683383703231812,
    "complex_pde": 0.27565237879753113,
    "complex_ipde": 0.34711235761642456,
    "chains_ptm": {
        "0": 0.9658987522125244,
        "1": 0.9694227576255798
    },
    "pair_chains_iptm": {
        "0": {
            "0": 0.9658987522125244,
            "1": 0.9409095644950867
        },
        "1": {
            "0": 0.9449681639671326,
            "1": 0.9694227576255798
        }
    }
}