{
    "confidence_score": 0.9568430781364441,
    "ptm": 0.9510688185691833,
    "iptm": 0.9455022811889648,
    "ligand_iptm": 0.0,
    "protein_iptm": 0.9455022811889648,
    "complex_plddt": 0.9596782922744751,
    "complex_iplddt": 0.9668155908584595,
    "complex_pde": 0.2749193012714386,
    "complex_ipde": 0.3353273868560791,
    "chains_ptm": {
        "0": 0.9649187922477722,
        "1": 0.9690171480178833
    },
    "pair_chains_iptm": {
        "0": {
            "0": 0.9649187922477722,
            "1": 0.9429445266723633
        },
        "1": {
            "0": 0.9455022811889648,
            "1": 0.9690171480178833
        }
    }
}