{
    "confidence_score": 0.9594919085502625,
    "ptm": 0.9472569227218628,
    "iptm": 0.9448304772377014,
    "ligand_iptm": 0.0,
    "protein_iptm": 0.9448304772377014,
    "complex_plddt": 0.9631572961807251,
    "complex_iplddt": 0.9693601727485657,
    "complex_pde": 0.28881001472473145,
    "complex_ipde": 0.3948044180870056,
    "chains_ptm": {
        "0": 0.9607890844345093,
        "1": 0.9671913981437683
    },
    "pair_chains_iptm": {
        "0": {
            "0": 0.9607890844345093,
            "1": 0.935554027557373
        },
        "1": {
            "0": 0.9448304772377014,
            "1": 0.9671913981437683
        }
    }
}