{
    "confidence_score": 0.9580581784248352,
    "ptm": 0.9482361078262329,
    "iptm": 0.9450275897979736,
    "ligand_iptm": 0.0,
    "protein_iptm": 0.9450275897979736,
    "complex_plddt": 0.9613158106803894,
    "complex_iplddt": 0.9682708382606506,
    "complex_pde": 0.28089866042137146,
    "complex_ipde": 0.3675910532474518,
    "chains_ptm": {
        "0": 0.9621308445930481,
        "1": 0.9692566394805908
    },
    "pair_chains_iptm": {
        "0": {
            "0": 0.9621308445930481,
            "1": 0.9337054491043091
        },
        "1": {
            "0": 0.9450275897979736,
            "1": 0.9692566394805908
        }
    }
}