{
  "pae_all": 1.4461311101913452,
  "pae_chain_a": 1.1068974733352661,
  "pae_chain_b": 1.1120890378952026,
  "pae_interaction": 1.8119035959243774
}