{
  "pae_all": 1.3596338033676147,
  "pae_chain_a": 1.0167847871780396,
  "pae_chain_b": 1.0513269901275635,
  "pae_interaction": 1.7195396423339844
}