{
  "pae_all": 1.3393809795379639,
  "pae_chain_a": 1.0201480388641357,
  "pae_chain_b": 1.0309655666351318,
  "pae_interaction": 1.6816110610961914
}