{
  "pae_all": 1.3860976696014404,
  "pae_chain_a": 1.0758792161941528,
  "pae_chain_b": 1.042296051979065,
  "pae_interaction": 1.7333621978759766
}