{
  "pae_all": 1.301995873451233,
  "pae_chain_a": 0.9714162349700928,
  "pae_chain_b": 1.0142767429351807,
  "pae_interaction": 1.6458370685577393
}