{
    "confidence_score": 0.9343430399894714,
    "ptm": 0.9563297033309937,
    "iptm": 0.9425942301750183,
    "ligand_iptm": 0.0,
    "protein_iptm": 0.9425942301750183,
    "complex_plddt": 0.9322803020477295,
    "complex_iplddt": 0.9305543303489685,
    "complex_pde": 0.3190646469593048,
    "complex_ipde": 0.5298069715499878,
    "chains_ptm": {
        "0": 0.9673197269439697,
        "1": 0.9557770490646362
    },
    "pair_chains_iptm": {
        "0": {
            "0": 0.9673197269439697,
            "1": 0.9425942301750183
        },
        "1": {
            "0": 0.9402368664741516,
            "1": 0.9557770490646362
        }
    }
}