{
    "confidence_score": 0.9406744837760925,
    "ptm": 0.937807023525238,
    "iptm": 0.9190700650215149,
    "ligand_iptm": 0.0,
    "protein_iptm": 0.9190700650215149,
    "complex_plddt": 0.9460756182670593,
    "complex_iplddt": 0.9423392415046692,
    "complex_pde": 0.39279505610466003,
    "complex_ipde": 0.8120842576026917,
    "chains_ptm": {
        "0": 0.9544938802719116,
        "1": 0.9323809146881104
    },
    "pair_chains_iptm": {
        "0": {
            "0": 0.9544938802719116,
            "1": 0.9190700650215149
        },
        "1": {
            "0": 0.9081411361694336,
            "1": 0.9323809146881104
        }
    }
}