{
    "confidence_score": 0.9412290453910828,
    "ptm": 0.9519281983375549,
    "iptm": 0.9394216537475586,
    "ligand_iptm": 0.0,
    "protein_iptm": 0.9394216537475586,
    "complex_plddt": 0.9416808485984802,
    "complex_iplddt": 0.937473475933075,
    "complex_pde": 0.3253454864025116,
    "complex_ipde": 0.529206395149231,
    "chains_ptm": {
        "0": 0.9640556573867798,
        "1": 0.9491264820098877
    },
    "pair_chains_iptm": {
        "0": {
            "0": 0.9640556573867798,
            "1": 0.9394216537475586
        },
        "1": {
            "0": 0.9338325262069702,
            "1": 0.9491264820098877
        }
    }
}