{
    "confidence_score": 0.9431725740432739,
    "ptm": 0.9638574719429016,
    "iptm": 0.9525785446166992,
    "ligand_iptm": 0.0,
    "protein_iptm": 0.9525785446166992,
    "complex_plddt": 0.9408210515975952,
    "complex_iplddt": 0.9368507862091064,
    "complex_pde": 0.29680150747299194,
    "complex_ipde": 0.4249724745750427,
    "chains_ptm": {
        "0": 0.9723696708679199,
        "1": 0.9645727276802063
    },
    "pair_chains_iptm": {
        "0": {
            "0": 0.9723696708679199,
            "1": 0.9476398229598999
        },
        "1": {
            "0": 0.9525785446166992,
            "1": 0.9645727276802063
        }
    }
}