{
    "confidence_score": 0.9416470527648926,
    "ptm": 0.9438071250915527,
    "iptm": 0.9298734664916992,
    "ligand_iptm": 0.0,
    "protein_iptm": 0.9298734664916992,
    "complex_plddt": 0.9445904493331909,
    "complex_iplddt": 0.9391488432884216,
    "complex_pde": 0.36348819732666016,
    "complex_ipde": 0.694927453994751,
    "chains_ptm": {
        "0": 0.9595603942871094,
        "1": 0.9405456185340881
    },
    "pair_chains_iptm": {
        "0": {
            "0": 0.9595603942871094,
            "1": 0.9298734664916992
        },
        "1": {
            "0": 0.9178489446640015,
            "1": 0.9405456185340881
        }
    }
}