{
  "pae_all": 1.8424296379089355,
  "pae_chain_a": 1.340472936630249,
  "pae_chain_b": 1.4539110660552979,
  "pae_interaction": 2.3978846073150635
}