{
  "pae_all": 1.5397552251815796,
  "pae_chain_a": 1.1214561462402344,
  "pae_chain_b": 1.1887620687484741,
  "pae_interaction": 2.010293483734131
}