{
  "pae_all": 1.7993457317352295,
  "pae_chain_a": 1.2829105854034424,
  "pae_chain_b": 1.4067457914352417,
  "pae_interaction": 2.3688175678253174
}