{
  "pae_all": 2.1256768703460693,
  "pae_chain_a": 1.5142408609390259,
  "pae_chain_b": 1.674548864364624,
  "pae_interaction": 2.796055316925049
}