{
  "pae_all": 2.334080696105957,
  "pae_chain_a": 1.6941839456558228,
  "pae_chain_b": 1.8308173418045044,
  "pae_interaction": 3.0444207191467285
}