{
    "confidence_score": 0.939827561378479,
    "ptm": 0.9442572593688965,
    "iptm": 0.9304755926132202,
    "ligand_iptm": 0.0,
    "protein_iptm": 0.9304755926132202,
    "complex_plddt": 0.9421655535697937,
    "complex_iplddt": 0.9420783519744873,
    "complex_pde": 0.3098357021808624,
    "complex_ipde": 0.5350169539451599,
    "chains_ptm": {
        "0": 0.9636207818984985,
        "1": 0.9516409635543823
    },
    "pair_chains_iptm": {
        "0": {
            "0": 0.9636207818984985,
            "1": 0.9304755926132202
        },
        "1": {
            "0": 0.9135978817939758,
            "1": 0.9516409635543823
        }
    }
}