{
    "confidence_score": 0.9392725229263306,
    "ptm": 0.9516346454620361,
    "iptm": 0.9413809776306152,
    "ligand_iptm": 0.0,
    "protein_iptm": 0.9413809776306152,
    "complex_plddt": 0.9387453198432922,
    "complex_iplddt": 0.9330300092697144,
    "complex_pde": 0.2912267744541168,
    "complex_ipde": 0.44757217168807983,
    "chains_ptm": {
        "0": 0.9691283106803894,
        "1": 0.9592377543449402
    },
    "pair_chains_iptm": {
        "0": {
            "0": 0.9691283106803894,
            "1": 0.9413809776306152
        },
        "1": {
            "0": 0.9267181158065796,
            "1": 0.9592377543449402
        }
    }
}