{
    "confidence_score": 0.9338261485099792,
    "ptm": 0.947690486907959,
    "iptm": 0.9296122193336487,
    "ligand_iptm": 0.0,
    "protein_iptm": 0.9296122193336487,
    "complex_plddt": 0.9348796010017395,
    "complex_iplddt": 0.9356277585029602,
    "complex_pde": 0.3025203049182892,
    "complex_ipde": 0.5411499738693237,
    "chains_ptm": {
        "0": 0.9599758982658386,
        "1": 0.9604767560958862
    },
    "pair_chains_iptm": {
        "0": {
            "0": 0.9599758982658386,
            "1": 0.9296122193336487
        },
        "1": {
            "0": 0.9292024374008179,
            "1": 0.9604767560958862
        }
    }
}