{
    "confidence_score": 0.9385690093040466,
    "ptm": 0.9571951627731323,
    "iptm": 0.9456965327262878,
    "ligand_iptm": 0.0,
    "protein_iptm": 0.9456965327262878,
    "complex_plddt": 0.9367871284484863,
    "complex_iplddt": 0.9408419728279114,
    "complex_pde": 0.2885919213294983,
    "complex_ipde": 0.4503936469554901,
    "chains_ptm": {
        "0": 0.9650517106056213,
        "1": 0.9650280475616455
    },
    "pair_chains_iptm": {
        "0": {
            "0": 0.9650517106056213,
            "1": 0.9416405558586121
        },
        "1": {
            "0": 0.9456965327262878,
            "1": 0.9650280475616455
        }
    }
}