{
    "confidence_score": 0.9367799758911133,
    "ptm": 0.9563798308372498,
    "iptm": 0.9445708990097046,
    "ligand_iptm": 0.0,
    "protein_iptm": 0.9445708990097046,
    "complex_plddt": 0.9348322749137878,
    "complex_iplddt": 0.9466175436973572,
    "complex_pde": 0.2902819812297821,
    "complex_ipde": 0.4645451307296753,
    "chains_ptm": {
        "0": 0.9649007320404053,
        "1": 0.965305745601654
    },
    "pair_chains_iptm": {
        "0": {
            "0": 0.9649007320404053,
            "1": 0.938385546207428
        },
        "1": {
            "0": 0.9445708990097046,
            "1": 0.965305745601654
        }
    }
}