{
  "pae_all": 1.657681941986084,
  "pae_chain_a": 1.3482695817947388,
  "pae_chain_b": 1.0904127359390259,
  "pae_interaction": 2.081770896911621
}