{
  "pae_all": 1.844058871269226,
  "pae_chain_a": 1.510246992111206,
  "pae_chain_b": 1.1667171716690063,
  "pae_interaction": 2.3222241401672363
}