{
  "pae_all": 1.8510111570358276,
  "pae_chain_a": 1.3724385499954224,
  "pae_chain_b": 1.314522385597229,
  "pae_interaction": 2.399298667907715
}