{
  "pae_all": 1.612174391746521,
  "pae_chain_a": 1.179458498954773,
  "pae_chain_b": 1.173278570175171,
  "pae_interaction": 2.093339681625366
}