{
  "pae_all": 1.6494899988174438,
  "pae_chain_a": 1.3725013732910156,
  "pae_chain_b": 1.0707142353057861,
  "pae_interaction": 2.051544189453125
}