{
    "confidence_score": 0.9290013313293457,
    "ptm": 0.9562442302703857,
    "iptm": 0.9383465647697449,
    "ligand_iptm": 0.0,
    "protein_iptm": 0.9383465647697449,
    "complex_plddt": 0.9266650676727295,
    "complex_iplddt": 0.9362243413925171,
    "complex_pde": 0.29624369740486145,
    "complex_ipde": 0.4382014572620392,
    "chains_ptm": {
        "0": 0.9709362983703613,
        "1": 0.9550644755363464
    },
    "pair_chains_iptm": {
        "0": {
            "0": 0.9709362983703613,
            "1": 0.9051312804222107
        },
        "1": {
            "0": 0.9383465647697449,
            "1": 0.9550644755363464
        }
    }
}