{
    "confidence_score": 0.9309379458427429,
    "ptm": 0.9456146955490112,
    "iptm": 0.9229061603546143,
    "ligand_iptm": 0.0,
    "protein_iptm": 0.9229061603546143,
    "complex_plddt": 0.9329459071159363,
    "complex_iplddt": 0.944924533367157,
    "complex_pde": 0.3115009367465973,
    "complex_ipde": 0.5434812903404236,
    "chains_ptm": {
        "0": 0.9656345248222351,
        "1": 0.9463951587677002
    },
    "pair_chains_iptm": {
        "0": {
            "0": 0.9656345248222351,
            "1": 0.8853200078010559
        },
        "1": {
            "0": 0.9229061603546143,
            "1": 0.9463951587677002
        }
    }
}