{
    "confidence_score": 0.9297415018081665,
    "ptm": 0.9462106823921204,
    "iptm": 0.9263701438903809,
    "ligand_iptm": 0.0,
    "protein_iptm": 0.9263701438903809,
    "complex_plddt": 0.9305843710899353,
    "complex_iplddt": 0.9409403800964355,
    "complex_pde": 0.3109671175479889,
    "complex_ipde": 0.5078240036964417,
    "chains_ptm": {
        "0": 0.9625407457351685,
        "1": 0.9492079615592957
    },
    "pair_chains_iptm": {
        "0": {
            "0": 0.9625407457351685,
            "1": 0.8794720768928528
        },
        "1": {
            "0": 0.9263701438903809,
            "1": 0.9492079615592957
        }
    }
}