{
    "confidence_score": 0.9285499453544617,
    "ptm": 0.9482200741767883,
    "iptm": 0.9261899590492249,
    "ligand_iptm": 0.0,
    "protein_iptm": 0.9261899590492249,
    "complex_plddt": 0.9291399717330933,
    "complex_iplddt": 0.9379253387451172,
    "complex_pde": 0.30605220794677734,
    "complex_ipde": 0.4825926125049591,
    "chains_ptm": {
        "0": 0.9646622538566589,
        "1": 0.9502630233764648
    },
    "pair_chains_iptm": {
        "0": {
            "0": 0.9646622538566589,
            "1": 0.8766929507255554
        },
        "1": {
            "0": 0.9261899590492249,
            "1": 0.9502630233764648
        }
    }
}