{
    "confidence_score": 0.9316421747207642,
    "ptm": 0.9546867609024048,
    "iptm": 0.933879554271698,
    "ligand_iptm": 0.0,
    "protein_iptm": 0.933879554271698,
    "complex_plddt": 0.9310828447341919,
    "complex_iplddt": 0.9385108351707458,
    "complex_pde": 0.29923462867736816,
    "complex_ipde": 0.4676533639431,
    "chains_ptm": {
        "0": 0.9707134962081909,
        "1": 0.9525972008705139
    },
    "pair_chains_iptm": {
        "0": {
            "0": 0.9707134962081909,
            "1": 0.9023441076278687
        },
        "1": {
            "0": 0.933879554271698,
            "1": 0.9525972008705139
        }
    }
}