{
  "pae_all": 1.796895146369934,
  "pae_chain_a": 1.1369357109069824,
  "pae_chain_b": 1.4892152547836304,
  "pae_interaction": 2.3944246768951416
}