{
  "pae_all": 1.840720534324646,
  "pae_chain_a": 1.2831380367279053,
  "pae_chain_b": 1.4211150407791138,
  "pae_interaction": 2.398775815963745
}