{
  "pae_all": 1.686202049255371,
  "pae_chain_a": 1.0447335243225098,
  "pae_chain_b": 1.4428119659423828,
  "pae_interaction": 2.2484335899353027
}