{
  "pae_all": 1.8534942865371704,
  "pae_chain_a": 1.2653135061264038,
  "pae_chain_b": 1.4747710227966309,
  "pae_interaction": 2.420870780944824
}