{
  "pae_all": 1.6467974185943604,
  "pae_chain_a": 1.0438425540924072,
  "pae_chain_b": 1.4259153604507446,
  "pae_interaction": 2.172640800476074
}